beautys	'bjʉː.tɪ
riper	'ɹaɪ.pʌ
feedst	'fidst
lightst	'laɪtst
thyself	θaɪ.'sɛl
buriest	'bɛ.ɹɪ.ʌst
churl	'tʃəː
makest	'meɪ.kʌst
niggarding	'nɪ.ɡʌ.dɪŋ
glutton	'ɡlʌ.tʌ
beseige	bɪ.'seɪdʒ
tatterd	'tæ.təː
askd	'ɑsk
thriftless	'θɹɪft.lʌ
couldst	'kʊədst
feelst	'filst
viewest	'vjʉː.ʌst
renewest	ɹɪn.'jʉː.ʌst
unbless	'ʌn.blʌ
uneard	ʌ.'neɪ.ʌ.ʌ
tillage	'tɪ.lɪdʒ
rememberd	ɹɪ.'mɛm.bəː
unthrifty	ʌn.'θɹɪf.ti
loveliness	'lʌv.li.nʌ
beauteous	'bjʉː.teɪ.ʌ
niggard	'nɪ.ɡʌ
bounteous	'baʊn.teɪ.ʌ
profitless	'pɹɑ.fɪt.lʌ
usurer	'jʉːz.jʊə.ɹʌ
canst	'kænst
tombd	'tʉːm
checkd	'tʃɛk
oersnowd	'əʊ.ʌ.`snəʊ
bareness	'bəː.nʌ
distilld	dɪ.'stɪl
killd	'kɪl
happies	'hæ.pɪ
thats	'ðæt
refigured	ɹɪ.'fɪ.ɡʌ
shouldst	'ʃʊədst
willd	'wɪl
climbd	'klaɪm
highmost	'haɪ.məʊst
reeleth	'ɹi.lʌθ
duteous	'djʉː.teɪ.ʌ
unlookd	ʌn.'lʊək
diest	'dist
lovest	'lʌ.vɛst
receivest	ɹɪ.'si.vɛst
singleness	'sɪŋ.ɡʌl.nʌ
consumest	kʌn.'sʉː.mʌst
makeless	'meɪ.klʌ
unthrift	ʌn.'θɹɪft
bearst	'bəːst
unprovident	ʌn.'pɹɑ.vɪ.dʌnt
possessd	pʌ.'zɛs
gainst	'ɡeɪnst
stickst	'stɪkst
ruinate	'ɹʉː.ɪ.`neɪt
growest	'ɡɹəʊ.ʌst
departest	dɪ.'pɑ.tʌst
youngly	'jʌŋ.li
bestowest	bɪ.'stəʊ.ʌst
mayst	'meɪst
convertest	kʌn.'vəː.tʌst
threescore	'θɹi.skɔː
barrenly	'bæ.ɹʌn.li
endowd	ɛn.'daʊ
silverd	'sɪl.vəː
erst	'əːst
girded	'ɡəː.dɪ
bristly	'bɹɪst.li
scythe	'saɪð
yourselfs	jɔː.'sɛlf
honour	'ɑ.nʌ
unthrifts	ʌn.'θɹɪft
methinks	mi.'θɪŋk
dearths	'dəːθ
wouldst	'wʊədst
presenteth	pɹɪ.'zɛn.tʌθ
nought	'nɔːt
whereon	'wəː.ɹɑ
vaunt	'vɔːnt
inconstant	ɪn.'kɑn.stʌnt
debateth	dɪ.'beɪ.tʌθ
engraft	ɛn.'ɡɹɑft
wherefore	'wəː.fɔː
liker	'laɪ.kʌ
filld	'fɪl
touchd	'tʌtʃ
yellowd	'jɛ.ləʊ
scornd	'skɔːn
termd	'təːm.`di
metre	'mi.tʌ
dimmd	'dɪm.`di
untrimmd	ʌn.'tɹɪm.`di
owest	'əʊ.ʌst
wanderst	'wɑn.dʌst
whateer	wɑ.'teɪ.ʌ.ʌ
womans	'wʊə.mʌn
womens	'wɪ.mɪn
gazeth	'ɡeɪ.zʌθ
amazeth	æ.'meɪ.zʌθ
prickd	'pɹɪk
stirrd	'stəː.ɹʌ
couplement	'kʌ.plɪ.mʌnt
aprils	'eɪ.pɹʌl
rondure	'ɹɑnd.jʊə
fixd	'fɪks
furrows	'fʌ.ɹəʊ
seemly	'sim.li
raiment	'ɹeɪ.mʌnt
gavest	'ɡeɪ.vʌst
unperfect	ʌn.pʌ.'fɛkt
oercharged	'əʊ.ʌ.`tʃɑdʒ
presagers	'pɹɛ.sɪ.dʒʌ
expressd	ɛk.'spɹɛs
playd	'pleɪ
stelld	'stɛl
bosoms	'bʊə.sʌm
favour	'feɪ.vʌ
favourites	'feɪ.vʌ.ɹɪt
famoused	'feɪ.maʊs
foild	'fɔɪl
toild	'tɔɪl
vassalage	'væ.sæ.lɪdʒ
embassage	'ɛm.bʌ.sɪdʒ
bodys	'bɑ.dɪ
sightless	'saɪt.lʌ
debarrd	dɪ.'bæ.ʌ
oppressd	ʌ.'pɹɛs
eithers	'aɪ.ðʌ
complexiond	kʌm.'plɛk.ʃʌn
twire	'twaɪ.ʌ
gildst	'ɡɪldst
griefs	'ɡɹif
beweep	bɪ.'wi
bootless	'bʉːt.lʌ
despising	dɪ.'spaɪ.zɪŋ
haply	'hæ.pli
dateless	'deɪt.lʌ
cancelld	'kæn.sɛl
vanishd	'væ.nɪʃ
stoln	'stɑl
outstrippd	aʊt.'stɹɪp
vouchsafe	'vaʊtʃ.seɪ
dearer	'deɪ.ʌ.ʌ.ɹʌ
equipage	'ɛ.kwɪ.`pɪdʒ
anon	æ.'nɑ
basest	'beɪ.sʌst
morn	'mɔː
alack	æ.'læ
maskd	'mɑsk
disdaineth	dɪs.'deɪ.nʌθ
staineth	'steɪ.nʌθ
didst	'dɪdst
oertake	'əʊ.ʌ.`teɪ
physic	'fɪ.zɪ
offences	ʌ.'fɛn.sɪ
salving	'sæl.vɪŋ
accessary	æk.'sɛ.sʌ.ɹi
sourly	'saʊ.ʌ.li
separable	'sɛ.pʌ.ɹʌ.bʌ
bewailed	bɪ.'weɪl
engrafted	ɛn.'ɡɹɑf.tɪ
pourst	'pɔːst
aught	'ɔːt
whos	'hʉː
rhymers	'ɹaɪ.mʌ
invocate	ɪn.'vəʊ.keɪt
deservest	dɪ.'zəː.vɛst
teachest	'ti.tʃʌst
hadst	'hædst
usest	'jʉː.zʌst
deceivest	dɪ.'si.vɛst
wilful	'wɪl.fʌ
refusest	ɹɪ.'fjʉː.sʌst
spites	'spaɪt
mightest	'maɪ.tʌst
forbear	'fɔː.bəː
knowst	'nəʊst
heres	'heɪ.ʌ.ʌ
unrespected	`ʌn.ɹɪ.'spɛk.tɪ
unseeing	ʌn.'si.ɪŋ
recured	ɹɪ.'kjʊə
returnd	ɹɪ.'təːn
cide	'saɪ
impanneled	ɪm.'pæ.nʌl
moiety	'mɔɪ.ɪ.ti
betwixt	bɪ.'twɪkst
famishd	'fæ.mɪʃ
awakes	æ.'weɪk
lockd	'lɑk
thievish	'θi.vɪʃ
calld	'kɔːl
uprear	'ʌ.pɹeɪ.ʌ.ʌ
plods	'plɑd
dully	'dʌ.li
wretch	'ɹɛtʃ
offence	ʌ.'fɛn
perfectst	pʌ.'fɛktst
neigh	'neɪ
imprisond	ɪm.'pɹɪ.zɑn
lackd	'læk
whereof	'wəː.ɹɑ
adonis	æ.'dəʊ.ni
foison	'fɔɪ.sʌ
odour	'əʊ.dʌ
unwood	ʌn.'wʊə
odours	'əʊ.dʌ
unswept	ʌn.'swɛpt
besmeard	bɪ.'smeɪ.ʌ.ʌ
sluttish	'slʌ.tɪʃ
broils	'bɹɔɪl
allayd	'æ.leɪ
sharpend	'ʃɑ.pʌn
wishd	'wɪʃ
sufferance	'sʌ.fʌ.ɹʌn
labouring	'leɪ.bəː.ɹɪŋ
pebbled	'pɛ.bʌl
wherewith	wəː.'wɪð
crownd	'kɹaʊn
elipses	ɪ.'lɪp.sɪ
slumbers	'slʌm.bʌ
sendst	'sɛndst
possesseth	pʌ.'zɛ.sʌθ
beated	'bi.tɪ
choppd	'tʃɑp
tannd	'tæn
iniquity	ɪ.'nɪ.kwɪ.ti
crushd	'kɹʌʃ
draind	'dɹeɪn
travelld	'tɹæ.vɛl
steepy	'sti.pi
hes	'hi
outworn	aʊ.'twɔː
wreckful	'ɹɛk.fʌ
trimmd	'tɹɪm.`di
jollity	'dʒɑ.lɪ.ti
guilded	'ɡɪl.dɪ
shamefully	'ʃeɪm.fʌ.lɪ
strumpeted	'stɹʌm.pɪ.tɪ
miscalld	mɪ.'skɔːl
impiety	ɪm.'paɪ.ʌ.tɪ
beggard	'bɛ.ɡʌ
excheckr	ɛks.'tʃɛ.kʌ
sepulchres	'sɛ.pʌl.kʌ
anothers	æ.'nʌ.ðʌ
churls	'tʃəːl
matcheth	'mæ.tʃʌθ
slanders	'slɑn.dʌ
presentst	pɹɪ.'zɛntst
passd	'pɑs
assaild	æ.'seɪl
vilest	'vaɪ.lʌst
ruind	'ɹʉː.ɪn
seest	'sist
fadeth	'feɪ.dʌθ
nourishd	'nʌ.ɹɪʃ
perceivest	pʌ.'si.vɛst
reviewest	ɹɪ.'vjʉː.ʌst
wretchs	'ɹɛtʃ
seasond	'si.zʌn
twixt	'twɪkst
enjoyer	ɛn.'dʒɔɪ.ʌ
filching	'fɪl.tʃɪŋ
betterd	'bɛ.təː
gluttoning	'ɡlʌ.tʌ.nɪŋ
deliverd	dɪ.'lɪ.vəː
poesy	'pəʊ.si
learneds	'ləːnd
decayd	dɪ.'keɪ
shallowest	'ʃæ.ləʊ.ʌst
soundless	'saʊnd.lʌ
wreckd	'ɹɛk
breathers	'bɹi.ðʌ
attaint	æ.'teɪnt
oerlook	'əʊ.ʌ.`lʊə
immured	ɪ.'mjʊə
dignifies	'dɪɡ.nɪ.`faɪ
unletterd	ʌn.'lɛ.təː
polishd	'pɑ.lɪʃ
hindmost	'haɪnd.məʊst
inhearse	ɪn.'həː
compeers	kʌm.'peɪ.ʌ.ʌ
swerving	'swəː.vɪŋ
conceald	kʌn.'sil
attainted	æ.'teɪn.tɪ
lameness	'leɪm.nʌ
scoped	'skəʊp
rearward	'ɹeɪ.ʌ.ʌ.wʌ
conquerd	'kɑn.kwəː
purposed	'pəː.pʌs
humour	'hjʉː.mʌ
alterd	'ɑl.təː
manys	'mɛ.ni
outbraves	aʊt.'bɹeɪv
sourest	'saʊ.ʌ.ɹʌst
dispraise	dɪ.'spɹeɪ
wantonness	'wɑn.tʌn.nʌ
throned	'θɹəʊn
esteemd	ɛ.'stim.`di
deemd	'dim.`di
gazers	'ɡeɪ.zʌ
mightst	'maɪtst
freezings	'fɹi.zɪŋ
decembers	dɪ.'sɛm.bʌ
widowd	'wɪ.dəʊ
wombs	'wʉːm
seemd	'sim.`di
unfatherd	ʌn.'fɑ.ðəː
dressd	'dɹɛs
laughd	'lɑf
leapd	'lip
lilys	'lɪ.li
marjoram	'mɑ.dʒɔː.`ɹæ
fearfully	'feɪ.ʌ.ʌ.fʌ.lɪ
annexd	'æ.nɛks
colour	'kʌ.lʌ
forgetst	fʌ.'ɡɛtst
spendst	'spɛndst
resty	ɹɪ.'staɪ
preventst	pɹɪ.'vɛntst
intermixd	`ɪn.tʌ.'mɪks
strengthend	'stɹɛŋ.θʌn
merchandized	'məː.tʃæn.`daɪz
esteeming	ɛ.'sti.mɪŋ
philomel	'fɪ.ləʊ.mʌ
burthens	'bəː.ðʌn
turnd	'təːn
burnd	'bəːn
unbred	ʌn.'bɹɛ
wights	'waɪt
blazon	'bleɪ.zɑ
prefiguring	pɹɪ.'fɪ.ɡʌ.ɹɪŋ
lookd	'lʊək
incertainties	ɪn.'səː.tʌn.tɪ
hallowd	'hæ.ləʊ
reignd	'ɹeɪn
preposterously	pɹɪ.'pɑ.stʌ.ɹʌ.sli
staind	'steɪn
blenches	'blɛn.tʃɪ
dyers	'daɪ.ʌ
renewd	ɹɪn.'jʉː
stampd	'stæmp
steeld	'stil
abysm	æ.'bɪ.zʌ
adders	'æ.dʌ
flatterer	'flæ.tʌ.ɹʌ
effectually	ɪ.'fɛk.tʃʉː.ʌ.li
deformedst	dɪ.'fɔː.mɛdst
saith	'seɪθ
cherubins	'tʃɛ.ɹʉː.`bɪn
o,tis	'əʊ.'tɪ
greeing	'ɡɹi.ɪŋ
poisond	'pɔɪ.zɑn
milliond	'mɪ.leɪ.ʌn
sharpst	'ʃɑpst
incertainty	ɪn.'səː.tʌn.ti
tempests	'tɛm.pʌst
scanted	'skɑn.tɪ
whereto	'wəː.təʊ
wilfulness	'wɪl.fʌl.nʌ
wakend	'weɪ.kʌn
meetness	'mit.nʌ
limbecks	'lɪm.bɛk
hammerd	'hæ.məː
unkindness	ʌn.'kaɪnd.nʌ
youve	'jʉː
tenderd	'tɛn.dəː
salutation	`sæ.lʉː.'teɪ.ʃʌ
sportive	'spɔː.tɪ
frailer	'fɹeɪ.lʌ
characterd	'kæ.ɹɪk.`təː
missd	'mɪss
forgetfulness	fʌ.'ɡɛt.fʌl.nʌ
gatherd	'ɡæ.ðəː
builded	'bɪl.dɪ
thralled	'θɹɔːl
numberd	'nʌm.bəː
extern	ɛk.'stəː
honouring	'ɑ.nəː.ɹɪŋ
savour	'seɪ.vʌ
thrivers	'θɹɪ.vʌ
oblation	ʌ.'bleɪ.teɪ.ʌ
mixd	'mɪks
subornd	'sʌ.bɔːn
impeachd	ɪm.'pitʃ
showst	'ʃəʊst
growst	'ɡɹəʊst
goest	'ɡəʊst
delayd	dɪ.'leɪ
answerd	'ɑn.səː
quietus	'kwaɪ.ʌ.tʌ
slanderd	'slɑn.dəː
fairing	'fəː.ɹɪŋ
borrowd	'bɑ.ɹaʊ
profaned	pɹʌ.'feɪn
slandering	'slɑn.dʌ.ɹɪŋ
playst	'pleɪst
swayst	'sweɪst
enjoyd	ɛn.'dʒɔɪ
swallowd	'swɑ.ləʊ
damaskd	'dæ.mɑsk
tyrannous	'tɪ.ɹæ.nʌ
beseem	bɪ.'si
beshrew	bɪ.'ʃɹʉː
ist	'ɪst
sweetst	'switst
engrossd	ɛn.'ɡɹəʊs
crossd	'kɹɑs
whoeer	'wəʊ.ʌ
gaol	'dʒeɪ
confessd	kʌn.'fɛs
covetous	'kʌ.vʌ.tʌ
learnd	'ləːn
putst	'pʌtst
overplus	`əʊ.vʌ.'plʌ
addeth	'æ.dʌθ
beseechers	bɪ.'si.tʃʌ
fulfil	fʊəl.'fɪ
reckond	'ɹɛ.kɑn
anchord	'æn.kʌ
transferrd	tɹæn.'sfəː.ɹʌ
untutord	ʌnt.'jʉː.tɔː
unlearned	ʌn.'ləːn
flatterd	'flæ.təː
needst	'nidst
pressd	'pɹɛs
slanderers	'slɑn.dʌ.ɹʌ
unswayd	ʌn.'sweɪ
reproving	ɹɪ.'pɹʉː.vɪŋ
seald	'sil
robbd	'ɹɑb
importune	`ɪm.pɔːt.'jʉː
featherd	'fɛ.ðəː
prizing	'pɹaɪ.zɪŋ
runnst	'ɹʌnst
worser	'wəː.sʌ
colourd	'kʌ.ləː
tempteth	'tɛmp.tʌθ
languishd	'læŋ.ɡwɪʃ
followd	'fɑ.ləʊ
inheritors	ɪn.'hɛ.ɹɪ.tʌ
theres	'ðʌ
nurseth	'nəːsθ
madmens	'mæd.mɛn
censures	'sɛn.ʃʌ
aright	ʌ.'ɹaɪt
vexd	'vɛks
keepst	'kipst
hateth	'heɪ.tʌθ
frownst	'fɹaʊnst
lourst	'ləːst
insufficiency	ɪn.sʌ.'fɪ.ʃʌn.si
warrantize	'wɑ.ɹɑn.`taɪ
unworthiness	ʌn.'wəː.ðɪ.nʌ
nobler	'nəʊ.blʌ
dians	'daɪ.ʌn
withal	wɪ.'ðæ
thither	'ðɪ.ðʌ
hied	'haɪ
distemperd	dɪ.'stɛm.pəː
vowd	'vaʊ
votary	'vɑ.tʌ.ɹi
warmd	'wɔːm.`di
disarmd	dɪ.'sɑm.`di
quenched	'kwɛntʃt
carcanet	'kɑ.kæ.`nɛt
suppressd	sʌ.'pɹɛs
untutor'd	ʌnt.'jʉː.tʌ.'bæk.slæʃ.'di
beauty's	'bjʉː.ti.'bæk.slæ.'ʃɛ
feed'st	'fid.'bæk.slæʃ.sʌnt
light'st	'laɪt.'bæk.slæʃ.sʌnt
feel'st	'fil.'bæk.slæʃ.sʌnt
unear'd	ʌ.'neɪ.ʌ.ʌ.'bæk.slæʃ.'di
o'ersnow'd	'əʊ.'bæk.slæ.'ʃəː.snəʊ.'bæk.slæʃ.'di
unlook'd	ʌn.'lʊək.'bæk.slæʃ.'di
hear'st	'heɪ.ʌ.ʌ.'bæk.slæʃ.sʌnt
bear'st	'bəː.'bæk.slæʃ.sʌnt
stick'st	'stɪk.'bæk.slæʃ.sʌnt
yourself's	jɔː.'sɛlf.'bæk.slæ.'ʃɛ
truth's	'tɹʉːθ.'bæk.slæ.'ʃɛ
dimm'd	'dɪm.'bæk.slæʃ.'di
untrimm'd	ʌn.'tɹɪm.'bæk.slæʃ.'di
wander'st	'wɑn.dʌ.'bæk.slæʃ.sʌnt
whate'er	'wɑt.'bæk.slæ.'ʃəː
stirr'd	'stəː.'bæk.slæʃ.'di
strength's	'stɹɛŋθ.'bæk.slæ.'ʃɛ
o'ercharged	'əʊ.'bæk.slæ.'ʃəː.tʃɑdʒ
bosom's	'bʊə.sʌm.'bæk.slæ.'ʃɛ
soul's	'səʊl.'bæk.slæ.'ʃɛ
either's	'aɪ.ðʌ.'bæk.slæ.'ʃɛ
gild'st	'ɡɪld.'bæk.slæʃ.sʌnt
grief's	'ɡɹif.'bæk.slæ.'ʃɛ
cancell'd	'kæn.sɛl.'bæk.slæʃ.'di
stol'n	'stɑl.'bæk.slæ.'ʃɛ
outstripp'd	aʊt.'stɹɪp.'bæk.slæʃ.'di
o'ertake	'əʊ.'bæk.slæ.'ʃəː.teɪ
offender's	ʌ.'fɛn.dʌ.'bæk.slæ.'ʃɛ
offence's	ʌ.'fɛns.'bæk.slæ.'ʃɛ
pour'st	'pɔː.'bæk.slæʃ.sʌnt
hate's	'heɪt.'bæk.slæ.'ʃɛ
shadow's	'ʃæ.dəʊ.'bæk.slæ.'ʃɛ
famish'd	'fæ.mɪʃ.'bæk.slæʃ.'di
travel's	'tɹæ.vʌl.'bæk.slæ.'ʃɛ
perfect'st	'pəː.fɛkt.'bæk.slæʃ.sʌnt
unwoo'd	ʌn.'wʉː.'bæk.slæʃ.'di
besmear'd	bɪ.'smeɪ.ʌ.ʌ.'bæk.slæʃ.'di
send'st	'sɛnd.'bæk.slæʃ.sʌnt
travell'd	'tɹæ.vɛl.'bæk.slæʃ.'di
miscall'd	mɪ.'skɔːl.'bæk.slæʃ.'di
slander's	'slɑn.dʌ.'bæk.slæ.'ʃɛ
present'st	'pɹɛ.zʌnt.'bæk.slæʃ.sʌnt
see'st	'si.'bæk.slæʃ.sʌnt
wretch's	'ɹɛtʃ.'bæk.slæ.'ʃɛ
learned's	'ləːnd.'bæk.slæ.'ʃɛ
o'erlook	'əʊ.'bæk.slæ.'ʃəː.lʊə
unletter'd	ʌn.'lɛ.tʌ.'bæk.slæʃ.'di
know'st	'nəʊ.'bæk.slæʃ.sʌnt
many's	'mɛ.ni.'bæk.slæ.'ʃɛ
eve's	'iv.'bæk.slæ.'ʃɛ
unfather'd	ʌn.'fɑ.ðʌ.'bæk.slæʃ.'di
forget'st	fʌ.'ɡɛt.'bæk.slæʃ.sʌnt
spend'st	'spɛnd.'bæk.slæʃ.sʌnt
prevent'st	pɹɪ.'vɛnt.'bæk.slæʃ.sʌnt
for't	fɔː.'bæk.slæʃ.'ti
dyer's	'daɪ.ʌ.'bæk.slæ.'ʃɛ
adder's	'æ.dʌ.'bæk.slæ.'ʃɛ
deformed'st	dɪ.'fɔːmd.'bæk.slæʃ.sʌnt
o,'tis	'əʊ.'bæk.slæʃ.'tɪ
sharp'st	'ʃɑp.'bæk.slæʃ.sʌnt
sickle's	'sɪ.kʌl.'bæk.slæ.'ʃɛ
suborn'd	'sʌ.bɔːn.'bæk.slæʃ.'di
show'st	'ʃəʊ.'bæk.slæʃ.sʌnt
grow'st	'ɡɹəʊ.'bæk.slæʃ.sʌnt
play'st	'pleɪ.'bæk.slæʃ.sʌnt
sway'st	'sweɪ.'bæk.slæʃ.sʌnt
judgment's	'dʒʌdʒ.mʌnt.'bæk.slæ.'ʃɛ
is't	ɪz.'bæk.slæʃ.'ti
sweet'st	'swit.'bæk.slæʃ.sʌnt
whoe'er	'wəʊ.'bæk.slæ.'ʃəː
put'st	`pʊət.'bæk.slæʃ.sʌnt
transferr'd	tɹæn.'sfəː.'bæk.slæʃ.'di
need'st	'nid.'bæk.slæʃ.sʌnt
tongue's	'tʌŋ.'bæk.slæ.'ʃɛ
unsway'd	ʌn.'sweɪ.'bæk.slæʃ.'di
runn'st	'ɹʌn.'bæk.slæʃ.sʌnt
servant's	'səː.vʌnt.'bæk.slæ.'ʃɛ
madmen's	'mæd.mɛn.'bæk.slæ.'ʃɛ
keep'st	'kip.'bæk.slæʃ.sʌnt
frown'st	'fɹaʊn.'bæk.slæʃ.sʌnt
lour'st	'ləː.'bæk.slæʃ.sʌnt
dian's	'daɪ.ʌn.'bæk.slæ.'ʃɛ
loafe	'ləʊ
formd	'fɔːm.`di
arcady	'ɑ.kæ.di
chronos	'kɹəʊ.nəʊ
mockers	'mɑ.kʌ
stammering	'stæ.mʌ.ɹɪŋ
untraced	ʌn.'tɹeɪst
shoal	'ʃəʊ
interpenetrative	`ɪn.tʌ.'pɛ.nɪ.tɹʌ.`tɪ
syntaxes	'sɪn.tæk.sɪ
engraves	ɛn.'ɡɹeɪv
canticles	'kɑn.tɪ.kʌl
gyre	'dʒaɪ.ʌ
crackly	'kɹæ.kli
you’ve	'jʉː
marvelling	'mɑ.vʌ.lɪŋ
murmurous	'məː.mjʊə.ɹʌ
sky’s	'skaɪ
sorrowing	'sɑ.ɹəʊ.ɪŋ
unstirred	ʌn.'stəː
begird	bɪ.'ɡəː
clamorous	'klæ.mʌ.ɹʌ
chasmed	'kæ.zʌm
hell’s	'hɛl
world’s	'wəːld
drave	'dɹeɪ
fiending	'fin.dɪŋ
inhumanities	ɪn.hjʉː.'mæ.nɪ.ti
prefaces	'pɹɛ.fʌ.sɪ
elegies	'ɛ.lɪ.dʒɪ
dead’s	'dɛd
oxford’s	'ɑk.sfʌd
he’d	'hi
chobed	'tʃəʊb
sickley	'sɪ.klɪ
fœtor	'fɑ.tʌ
blood’s	'blʌd
parados	'pæ.ɹʌ.`dəʊ
god’s	'ɡɑd
huns	'hʌn
won’t	'wəʊnt
let’s	'lɛt
slake	'sleɪ
dont	'dəʊnt
jabber	'dʒæ.bʌ
youre	'jɔː
thered	'ðəː
bucketsful	'bʌ.kɛt.sfʌ
theyre	'θeɪ.ʌ
summering	'sʌ.mʌ.ɹɪŋ
youd	'jaʊ
marvellous	'mɑ.vʌ.lʌ
numbs	'nʌm
versemen	'vəː.sɪ.`mɛ
joyed	'dʒɔɪ
honoured	'ɑ.nʌ
team’s	'tim
strewed	'stɹʉː
charlock	'tʃɑ.lɑ
ploughman	'plaʊ.mʌ
woodpecker’s	'wʊəd.pɛ.kʌ
war’s	'wɔː
don’t	'dəʊnt
shouldn’t	'ʃʊə.dʌnt
clods	'klɑd
ploughshare	'plaʊ.ʃəː
i’m	'aɪ
fruit’s	'fɹʉːt
you’ll	'jʉː
greasier	'ɡɹi.zɪ.ʌ
prettiness	'pɹɪ.ti.nʌ
that’s	'ðæt
can’t	'kɑnt
you’re	'jɔː
senility’s	si.'nɪ.lɪ.ti
life’s	'laɪf
love’s	'lʌv
he’ll	'hi
i’ll	'aɪ
writer’s	'ɹaɪ.tʌ
arthur’s	'ɑ.θʌ
urbs	'əːb
leodiensis	leɪ.ʌ.'deɪ.ʌn.sɪ
mystica	'mɪ.stɪ.kʌ
freeman’s	'fɹi.mʌn
nuttgens	'nʌt.dʒɛn
iambic	'eɪ.ʌm.bɪ
pentameter	'pɛn.tæ.`mi.tʌ
it’s	'ɪt
žižek’s	'ʒaɪ.ʒʌk
gnostic	'nɑ.stɪ
liquefies	'lɪ.kwɪ.`faɪ
decasyllabics	dɪ.`kæ.sɪ.'læ.bɪk
saint’s	'seɪnt
philip’s	'fɪ.lɪp
chapel’s	'tʃæ.pʌl
hypophetic	`haɪ.pəʊ.'fɛ.tɪ
labyrinths	'læ.bʌ.`ɹɪnθ
savonarola	`seɪ.vʌ.nʌ.'ɹəʊ.lʌ
oxfam’s	'ɑk.sfæm
paul’s	'pɔːl
zealot’s	'zɛ.lʌt
man’s	'mæn
wilfred’s	'wɪl.fɹʌd
magus	'mæ.ɡʌ
tonsures	'tɑn.ʒʌ
heresiarch	'hɛ.ɹʌ.sɪ.`ɑ
peter’s	'pi.tʌ
apophatic	æ.pʌ.'fæ.tɪ
unbreakable	ʌn.'bɹeɪ.kʌ.bʌ
sultriness	'sʌl.tɹɪ.nʌ
matted	'mæ.tɪ
roofy	'ɹʉː.fɪ
parching	'pɑ.tʃɪŋ
sirius	'sɪ.ɹɪ.ʌ
balefully	'beɪl.fʌ.lɪ
wharves	'wɔːv
aeons	'i.ɑn
calvin’s	'kæl.vɪn
parlies	'pɑ.li
republic’s	ɹɪ.'pʌ.blɪk
nature’s	'neɪ.tʃʌ
scourged	'skəːdʒ
unshorn	ʌn.'ʃɔː
undulations	`ʌnd.jʊə.'leɪ.ʃʌn
unchained	ʌn.'tʃeɪn
crisped	'kɹɪspt
limpid	'lɪm.pɪ
firmament	'fəː.mʌ.mʌnt
herbage	'həː.bɪdʒ
tenderer	'tɛn.dʌ.ɹʌ
o’er	'ɔː
solitudes	'sɑ.lɪt.`jʉːd
pentelicus	pɛn.'tɛ.lɪ.kʌ
lowed	'ləʊ
unremembered	`ʌn.ɹɪ.'mɛm.bʌ
beleaguerers	bɪ.'li.ɡʌ.ɹʌ
unscared	ʌn.'skəː
bitterer	'bɪ.tʌ.ɹʌ
ne’er	'nəː
missouri’s	mɪ.'zʊə.ɹi
hunter’s	'hʌn.tʌ
myriads	'mɪ.ɹɪ.`æd
quadrupeds	'kwɑ.dɹʉːpt
murmurings	'məː.mʌ.ɹɪŋ
tenedos	tɛ.'ni.dəʊ
galley’s	'ɡæ.lɪ
sinon	'sɪ.nɑ
horse’s	'hɔː.sɪ
argive	'ɑ.ɡɪ
thessander	'θɛ.sæn.dʌ
sthenelus	'ɛs.'θɛ.nɛ.lʌ
acamas	æ.'kɑ.mʌ
thoas	'θəʊ.ʌ
pyrrhus	'pɪɹ.hʌ
machaon	'mæ.tʃeɪ.`ɑ
menelaus	'mɛ.nɪ.`laʊ
epeus	'ɛ.pɪ.ʌ
hospital’s	'hɑ.spɪ.tʌl
iv	`ɹəʊ.mʌn.'fɔː
ii	`ɹəʊ.mʌn.'tʉː
i’d	'aɪ
couldn’t	'kʊə.dʌnt
disjointedly	dɪs.'dʒɔɪn.tɪd.lɪ
iii	`ɹəʊ.mʌn.'θɹi
they’ve	'ðeɪ
who’s	'hʉː
iv’s	`ɹəʊ.mʌn.'fɔː
someone’s	'sʌm.wɑn
clacked	'klækt
clacking	'klæ.kɪŋ
year’s	'jeɪ.ʌ.ʌ
froward	'fɹaʊ.ʌ
sedater	'sɛ.deɪ.tʌ
adorn’d	æ.'dɔːn
glow’d	'ɡləʊ
blinkt	'blɪŋkt
trodden	'tɹɑ.dʌ
hamadryad	'hæ.mæ.dɹɪ.`æ
remain’d	ɹɪ.'meɪn
thallinos	θæ.'li.nəʊ
rhaicos	'ɹeɪ.kəʊ
echion	'ɛ.ʃʌ
pleas’d	'pliz
hamadryad’s	'hæ.mæ.dɹɪ.`æd
rhodope	'ɹəʊ.dʌ
acon	'æ.kʌ
sorrowed	'sɑ.ɹəʊ
lapt	'læpt
father’s	'fɑ.ðʌ
lookt	'lʊəkt
stedfast	'stɛd.fɑst
blusht	'blʌʃt
vow’d	'vaʊ
earth’s	'əːθ
thro	'θɹəʊ
soul’s	'səʊl
sauntered	'sɔːn.tʌ
shun’d	'ʃʌn
plighted	'plaɪ.tɪ
pusht	'pʊəʃt
cool’d	'kʉːl
pendent	'pɛn.dʌnt
drosera	'dɹəʊz.ɹʌ
cyclamen	'saɪ.kleɪ.`mɛ
oleander’s	'əʊ.lɪ.`æn.dʌ
hair’d	'həː
other’s	'ʌ.ðʌ
fill’d	'fɪl
stopt	'stɑpt
verdure	'vəːd.jʊə
ceast	'sist
altho	'ɔːl.θəʊ
represt	ɹɪ.'pɹɛst
paleness	'peɪl.nʌ
waked	'weɪkt
summer’s	'sʌ.mʌ
shrilly	'ʃɹɪl.lɪ
bawls	'bɔːl
housemaid	'haʊ.smeɪ
dustman’s	'dʌst.mʌn
waggons	'wæ.ɡʌn
tinmen’s	'tɪn.mɛn
dainties	'deɪn.tɪ
limy	'lɪ.mi
enthrall	ɛn.'θɹɔː
venturous	'vɛn.tʃʌ.ɹʌ
sidelong	'saɪd.lɑŋ
pilfered	'pɪl.fʌ
unpractised	ʌn.'pɹæk.tɪs
ardour	'ɑ.dʌ
filmy	'fɪl.mi
indolence	'ɪn.dʌ.lʌn
museful	'mjʉː.sfʌ
unsubstantial	ʌn.sʌb.'stæn.ʃʌ
matter’s	'mæ.tʌ
cumbrous	'kʌm.bɹʌ
shapings	'ʃeɪ.pɪŋ
metaphysic	`mɛ.tʌ.'fɪ.zɪ
circe	'səː.si
parent’s	'pəː.ɹʌnt
unripe	ʌn.'ɹaɪ
copses	'kɑp.sɪ
houseless	'haʊ.slʌ
burthen	'bəː.ðʌ
corporeal	'kɔː.pɔː.`ɹeɪ.ʌ
joyless	'dʒɔɪ.lʌ
recognitions	`ɹɛ.kʌɡ.'nɪ.ʃʌn
colours	'kʌ.lʌ
remoter	ɹɪ.'məʊ.tʌ
unborrowed	ʌn.'bɑ.ɹəʊ
raptures	'ɹæp.tʃʌ
interfused	`ɪn.tʌ.'fjʉːz
impels	ɪm.'pɛl
recognise	'ɹɛ.kʌɡ.`naɪ
perchance	'pəː.tʃɑn
eer	'eɪ.ʌ.ʌ
ecstasies	'ɛk.stʌ.si
worshipper	'wəː.ʃɪ.pʌ
unwearied	ʌn.'weɪ.ʌ.ʌ.ɹɪ
intelligences	ɪn.'tɛ.lɪ.dʒʌn.sɪ
draweth	'dɹɔːθ
wakened	'weɪ.kʌn
there’s	'ðəː
honeymooning	`hʌ.nɪ.'mʉː.nɪŋ
mother’s	'mʌ.ðʌ
shins	'ʃɪn
slink	'slɪŋ
o’clock	ʌ.'klɑ
sicklied	'sɪ.kli
splutter	'splʌ.tʌ
demiurge	'dɛ.mɪ.`əːdʒ
windowledge	'wɪn.dəʊ.`lɛdʒ
vibration’s	vaɪ.'bɹeɪ.ʃʌn
bedimmed	bɪ.'dɪm
reddens	'ɹɛ.dʌn
herodotus	'heɪ.ʌ.ɹəʊ.`dɑ.tʌ
flecked	'flɛkt
cook’s	'kʊək
heliograph	'hɛ.lɪ.`ɑ.ɡɹæ
shirtsleeves	'ʃəːt.sliv
mutilates	'mjʉː.tɪ.`leɪt
smouldering	'sməʊl.dʌ.ɹɪŋ
monstrance	'mɑn.stɹʌn
stabat	'stæ.bæt
recumbent	ɹɪ.'kʌm.bʌnt
death’s	'dɛθ
servant’s	'səː.vʌnt
tweeds	'twid
deepchested	'dip.tʃʌ.stɪ
diagnostician	`daɪ.ʌɡ.nʌ.'stɪ.ʃʌ
subaqueous	'sʌ.beɪ.`kwɪ.ʌ
trepanner	'tɹɛ.pæ.nʌ
suturing	'sʉː.tʃʌ.ɹɪŋ
hypodermics	`haɪ.pʌ.'dəː.mɪk
unregarded	`ʌn.ɹɪ.'ɡɑ.dɪ
flosses	'flɑ.sɪ
necessitous	nʌ.sɪ.'sɪ.tʌ
jove	'dʒəʊ
blacksnakes	'blæk.sneɪk
fisherman’s	'fɪ.ʃʌ.mʌn
threshing	'θɹɛ.ʃɪŋ
potter’s	'pɑ.tʌ
nuisances	'njʉː.sʌn.sɪ
granary	'ɡɹæ.nʌ.ɹi
plunderers	'plʌn.dʌ.ɹʌ
farmer’s	'fɑ.mʌ
oaken	'əʊ.kʌ
mattock	'mæ.tʌ
withe	'wɪð
winter’s	'wɪn.tʌ
dog’s	'dɑɡ
spelt	'spɛlt
ariadne’s	'æ.ɹɪ.`æd.nɪ
sundazzle	'sʌn.dæ.zʌ
arctics	'ɑk.tɪk
cerulean	'sɛ.ɹʉː.`leɪ.ʌ
zodiacal	'zəʊ.dɪ.`æ.kʌ
scythia	'saɪ.θi.ʌ
furies	'fjʊə.ɹɪ
exhales	ɛks.'heɪl
reddening	'ɹɛ.dʌ.nɪŋ
serener	'sɛ.ɹʌ.nʌ
umbrian	'ʌm.bɹeɪ.ʌ
trellises	'tɹɛ.laɪ.zɪ
bleating	'bli.tɪŋ
convivialities	kʌn.`vɪ.vɪ.'æ.lɪ.ti
garlands	'ɡɑ.lʌnd
bloodred	'blʌ.dɹʌ
humors	'hjʉː.mʌ
phalanxes	'fæ.læŋk.sɪ
detestable	dɪ.'tɛ.stʌ.bʌ
aether	'i.θʌ
spuming	'spjʉː.mɪŋ
downstroke	'daʊn.stɹəʊ
quivers	'kwɪ.vʌ
abases	æ.'beɪ.sɪ
athos	'æ.θəʊ
firebolt	'faɪ.ʌ.bəʊlt
ceraunian	sʌ.'ɹɔː.neɪ.ʌ
southwind	'saʊ.θwɪn
moon’s	'mʉːn
saturn’s	'sæ.təːn
mercury’s	'məː.kjʊə.ɹi
libations	lɪ.'beɪ.ʃʌn
oakleaves	'əʊ.kliv
skimrack	'skɪm.ɹæ
boreas	bɔː.'ɹeɪ.ʌ
furls	'fəːl
hirondelle	'haɪ.ʌn.dɛ
flits	'flɪt
chorale	'kɔː.ɹeɪ
trundles	'tɹʌn.dʌl
imbiber	ɪm.'bɪ.bʌ
cawing	'kɔː.ɪŋ
crepitating	'kɹɛ.pɪ.`teɪ.tɪŋ
stormwise	'stɔːm.waɪ
vii	`ɹəʊ.mʌn.'sɛ.vʌ
brother’s	'bɹʌ.ðʌ
fleeces	'fli.sɪ
halcyons	'hæl.sɪ.ʌn
modulates	'mɑd.jʊə.`leɪt
funereal	fjʉː.'neɪ.ʌ.ɹɪ.ʌ
windpipe	'wɪnd.paɪ
caws	'kɔː
viii	`ɹəʊ.mʌ.'neɪt
night’s	'naɪt
deceives	dɪ.'siv
day’s	'deɪ
virgin’s	'vəː.dʒɪn
unclouded	ʌn.'klaʊ.dɪ
sun’s	'sʌn
tithonus	'taɪ.ðəʊ.nʌ
pattering	'pæ.tʌ.ɹɪŋ
dappled	'dæ.pʌl
hawsers	'hɔː.zʌ
ix	`ɹəʊ.mʌn.'naɪ
insurrections	ɪn.sʌ.'ɹɛk.ʃʌn
treacheries	'tɹɛ.tʃʌ.ɹi
viscera	'vɪ.sʌ.ɹʌ
pack’s	'pæk
thessalian	θɛ.'seɪ.leɪ.ʌ
javelins	'dʒæ.vɪ.`lɪn
scythes	'saɪð
impious	ɪm.pɪ.'ʌ
horsed	'hɔːs
heedless	'hid.lʌ
charioteer	`tʃæ.ɹeɪ.ʌ.'teɪ.ʌ.ʌ
terrorizers	'tɛ.ɹʌ.`ɹaɪ.zʌ
laughers	'lɑ.fʌ
photostated	`fəʊ.təʊ.'steɪ.tɪ
husbandman	'hʌs.bʌnd.mʌ
malodorous	'mæ.ləʊ.dʌ.ɹʌ
lanthorned	'lɑn.θɔːn
sinews	'sɪn.jʉː
slinks	'slɪŋk
medleyed	'mɛd.lɪ
plungings	'plʌn.dʒɪŋ
atmospheres	'æt.mʌ.`sfeɪ.ʌ.ʌ
acutest	æ.'kjʉː.tʌst
artificer	'ɑ.tɪ.fɪ.sʌ
beheld	bɪ.'hɛl
portioned	'pɔː.ʃʌn
maker’s	'meɪ.kʌ
ghostlier	'ɡəʊst.li.ʌ
forsooth	fɔː.'sʉːθ
anchorites	'æn.kʌ.`ɹaɪt
allumettes	æ.lʉː.'mɛt
ev’n	'ɛv
clod	'klɑ
weariest	'weɪ.ʌ.ʌ.ɹɪ.ʌst
reuben’s	'ɹjʉː.bʌn
lordship	'lɔːd.ʃɪ
what’s	'wɑt
scamp	'skæm
yborn	'ɪ.bɔː
serv’d	'səːv
belzebub	'bɛl.zɪ.`bʌ
suppres’d	sʌ.'pɹɛz
accompt	æ.'kɑmpt
call’d	'kɔːl
wonted	'wɑn.tɪ
bribing	'bɹaɪ.bɪŋ
yclad	'ɪ.klæ
clouts	'klaʊt
liveth	'laɪvθ
lout	'laʊt
imps	'ɪmp
nipp’d	'nɪp
crook’d	'kɹʊək
proynd	'pɹɔɪn
epilogus	'ɛ.pɪ.`lɑ.ɡʌ
gaz’d	'ɡæz
angel’s	'eɪn.dʒʌl
sleights	'slaɪt
bumbast	'bʌm.bɑst
frizzle	'fɹɪ.zʌ
delicatest	'dɛ.lɪ.`kæ.tʌst
birded	'bəː.dɪ
lordships	'lɔːd.ʃɪp
saintish	'seɪn.tɪʃ
men’s	'mɛn
dutchkin	'dʌtʃ.kɪ
doublets	'dʌ.blʌt
jagg’d	'dʒæɡ
spangs	'spæŋ
ruffs	'ɹʌf
fet	'fɛt
copp’d	'kɑp
possess’d	pʌ.'zɛs
overmuch	`əʊ.vʌ.'mʌtʃ
beseech	bɪ.'sitʃ
vent’rous	'vɛn.tɹʌ
inamoratas	ɪ.`næ.mɔː.'ɹɑ.tʌ
unwinds	ʌn.'waɪnd
desertedness	dɪ.'zəː.tɪd.nʌ
magnificence	mæɡ.'nɪ.fɪ.sʌn
pigtails	'pɪɡ.teɪl
blithest	'blaɪðst
kneaded	'ni.dɪ
angularity	`æn.ɡjʊə.'læ.ɹɪ.ti
variegated	'vəː.ɹɪ.`ɡeɪ.tɪ
yelp	'jɛl
breakfasted	'bɹɛk.fʌ.stɪ
somebody’s	'sʌm.bɑ.di
children’s	'tʃɪl.dɹʌn
woman’s	'wʊə.mʌn
consumption’s	kʌn.'sʌmp.ʃʌn
spiritless	'spɪ.ɹɪt.lʌ
expectoration	ɛk.`spɛk.tʌ.'ɹeɪ.ʃʌ
robin’s	'ɹɑ.bɪn
wornness	'wɔːn.nʌ
decentest	dɪ.'sɛn.tʌst
foodlessness	'fʉːd.lʌ.snʌ
loiters	'lɔɪ.tʌ
saëns	'sæ.ɛn
grieg	'ɡɹi
tschaikovsky’s	'ti.ʃeɪ.'kɑv.ski
hungers	'hʌŋ.ɡʌ
dexterously	'dɛk.stʌ.ɹʌ.sli
hero’s	'heɪ.ʌ.ɹəʊ
joe’s	'dʒəʊ
she’s	'ʃi
frontless	'fɹʌnt.lʌ
isn’t	'ɪ.zʌnt
sulky	'sʌl.ki
haikus	'heɪ.kʌ
fanfares	'fæn.fəː
riffles	'ɹɪ.fʌl
skittering	'skɪ.tʌ.ɹɪŋ
dusk…now	'dʌsk.'naʊ
sustainably	sʌ.'steɪ.nʌ.blɪ
rollercoasters	'ɹəʊ.lʌ.`kəʊ.stʌ
whirs	'wəː
awiggle	'æ.wɪ.ɡʌ
youll	'jaʊ
atsa	'æt.sʌ
whitecaps	'waɪt.kæp
signboard	'saɪn.bɔː
sae	`ɛ.`seɪ.'i
shes	'ʃɪ
taen	'ti
penknife	'pɛn.naɪ
twinnd	'twɪn
howket	'haʊ.kɪt
cleed	'kli
hindoostan	'hɪn.dʉː.`stæ
poulter’s	'pəʊl.tʌ
sallied	'sæ.li
hector’s	'hɛk.tʌ
squatted	'skwɑ.tɪ
diabolic	`daɪ.ʌ.'bɑ.lɪ
proteus	'pɹəʊ.tɪ.ʌ
changeful	'tʃeɪndʒ.fʌ
noiseless	'nɔɪz.lʌ
pallour	'pæ.lʌ
sedgeless	'sɛdʒ.lʌ
changeless	'tʃeɪndʒ.lʌ
skims	'skɪm
dayless	'deɪ.lʌ
didn’t	'dɪdənt
offul	'ɑf.fʌ
tryin	'tɹaɪ.ɪ
piggies	'pɪ.ɡɪ
moo	'mʉː
hadn’t	'hæ.dʌnt
drest	'dɹɛst
neighbours	'neɪ.bʌ
we’ll	'wi
panther’s	'pɑn.θʌ
bruin’s	'bɹʉː.ɪn
where’s	'wəː
halloo	'hæ.lʉː
fice	'faɪ
yelping	'jɛl.pɪŋ
carter’s	'kɑ.tʌ
lolls	'lɑl
wrathful	'ɹæθ.fʌ
dinsome	'dɪn.sʌ
argufy	'ɑ.ɡʌ.`faɪ
whelp	'wɛl
arch’s	'ɑ.tʃɪ
mailèd	'meɪl
kneel’d	'nil
drown’d	'dɹaʊn
droop’d	'dɹʉːp
labours	'leɪ.bʌ
kiss’d	'kɪs
watch’d	'wɑtʃ
whiten’d	'waɪ.tʌn
touch’d	'tʌtʃ
ungraciously	ʌn.'ɡɹeɪ.ʃʌ.sli
entreat	ɛn.'tɹit
smote	'sməʊt
stretchd	'stɹɛtʃ
untiring	ʌn.'taɪ.ʌ.ɹɪŋ
carentan	'kəːn.tʌ
everything’s	'ɛv.ɹɪ.`θɪŋ
sergeant’s	'sɑ.dʒʌnt
captain’s	'kæp.tɪn
too’s	'tʉː
sloped	'sləʊpt
descry	dɪ.'skɹeɪ
oertopping	'əʊ.ʌ.`tɑ.pɪŋ
lounger	'laʊn.dʒʌ
oes	'əʊ
wreathed	'ɹið
moulted	'məʊl.tɪ
tarried	'tæ.ɹɪ
runcible	'ɹʌn.sʌ.bʌ
guerdon	'ɡəː.dʌ
forbore	'fɔː.bɔː
luve	'lʉː
wi	'waɪ
weel	'wi
skye	'skaɪ
astern	æ.'stəː
eigg	'aɪ
outwears	aʊ.'twəː
tittie	'tɪ.ti
braw	'bɹɔː
poortith	'pʊə.tɪθ
fen	'fɛ
dumeller	'djʉː.mʌ.lʌ
guid	'ɡɪ
blaws	'blɔː
deave	'di
wha	'wɑ
daddie	'dæ.di
gie	'dʒaɪ
hunder	'hʌn.dʌ
ordaind	'ɔː.deɪn
maun	'mɔː
yestreen	'jɛ.stɹi
mou	'mʉː
gied	'dʒaɪ
ane	'eɪ
waukin	'wɔː.kɪ
droukit	'dɹaʊ.kɪt
staukin	'stɔː.kɪ
breeks	'bɹik
bonie	'bəʊ.ni
gif	'dʒɪ
wayfarers	'weɪ.fəː.ɹʌ
gladness	'ɡlæd.nʌ
meanderings	mi.'æn.dʌ.ɹɪŋ
marys	'məː.ɹi
dejection	dɪ.'dʒɛk.ʃʌ
wraith	'ɹeɪθ
sanctifies	'sɑnk.tɪ.`faɪ
unconquerable	ʌn.'kɑn.kʌ.ɹʌ.bʌ
newarks	'njʉː.ɔːk
enwreathed	ɛn.'ɹið
twere	'tweɪ.ʌ.ʌ
gladsome	'ɡlæd.sʌ
accordant	æ.'kɔː.dʌnt
vapours	'veɪ.pʌ
whereer	'wəː.ɹʌ
housetop	'haʊ.stɑ
chirped	'tʃəːpt
cheeped	'tʃipt
trilled	'tɹɪl
twittered	'twɪ.tʌ
grisis	'ɡɹɪ.si
warble	'wɔː.bʌ
hindoos	'hɪn.dʉː
lounged	'laʊndʒ
lacing	'leɪ.sɪŋ
chromatic	kɹəʊ.'mæ.tɪ
watercresses	'wɔː.tʌ.`kɹɛ.sɪ
minx	'mɪŋk
rasher	'ɹæ.ʃʌ
gibsons	'ɡɪb.sʌn
grisi	'ɡɹɪ.si
bals	'bæl
paré	pɑ.'ɹeɪ
ive	'aɪ
r.a	`ɑ.'ɹeɪ
dunce	'dʌn
chancd	'tʃɑnk
raisd	'ɹeɪ.ɪs
snappd	'snæp
blither	'blɪ.ðʌ
powdry	'paʊ.dɹi
wanderd	'wɑn.dəː
reachd	'ɹitʃ
overlookd	`əʊ.vʌ.'lʊək
cryd	'kɹɪ
lucys	'lʉː.sɪ
trackd	'tɹæk
footmarks	'fʊət.mɑk
whoso	'hʉː.səʊ
hearkened	'hɑ.kʌn
cresset	'kɹɛ.sɛt
inds	'ɪnd
enamelled	ɪ.'næ.mʌl
inmost	'ɪn.məʊst
moveth	'mʉː.vʌθ
murkily	'məː.ki.lɪ
blanched	'blɑntʃt
untrodden	ʌn.'tɹɑ.dʌ
mossy	'mɑ.si
befel	bɪ.'fɛ
stoppd	'stɑp
droppd	'dɹɑp
palely	'peɪl.li
begone	bɪ.'ɡɑ
squirrel’s	'skwɪ.ɹʌl
harvest’s	'hɑ.vɪst
withereth	'wɪ.ðʌ.ɹʌθ
faery’s	'fəː.ɹi
grot	'ɡɹɑt
lullèd	'lʌl
merci	'məː.saɪ
gapèd	'ɡeɪpt
hill’s	'hɪl
aren’t	'ɑnt
here’s	'heɪ.ʌ.ʌ
dwellin	'dwɛ.lɪ
swellin	'swɛ.lɪ
jemmy	'dʒɛ.mi
dyin	'djɪ
ye’se	'jɛ
heart’s	'hɑt
spillin	'spɪ.lɪ
dinna	'dɪ.nʌ
fillin	'fɪ.lɪ
healths	'hɛlθ
dealin	'di.lɪ
knellin	'nɛ.lɪ
jow	'dʒaʊ
saft	'sɑft
damasked	'dæ.mɑskt
endeavours	ɛn.'dɛ.vʌ
caresses	kʌ.'ɹɛ.sɪ
unreproved	`ʌn.ɹɪ.'pɹʉːv
undesired	`ʌn.dɪ.'zaɪ.ʌ
tiresias	'taɪ.ʌ.zeɪ.ʌ
foresuffered	'fɔː.sʌ.fʌ
patronising	'pæ.tɹʌ.`naɪ.zɪŋ
gropes	'ɡɹəʊp
unlit	ʌn.'lɪt
neere	'neɪ.ʌ.ʌ
eies	'aɪ
joyes	'dʒɔɪ
deare	'deɪ.ʌ.ʌ
thrugh	'θɹʌ
fraile	'fɹeɪ
mindes	'maɪnd
chast	'tʃɑst
toung	'taʊŋ
calme	'kɑ.mɪ
storme	'stɔː
vertue	'vəː.tʃʉː
sunburnd	'sʌn.bəːn
studys	'stʌ.dɪ
tiger’s	'taɪ.ɡʌ
time’s	'taɪm
unerring	ʌ.'nəː.ɹɪŋ
accursed	æ.'kəː.sɪ
kinsmen	'kɪnz.mɛ
deathblow	'dɛθ.bləʊ
supper’s	'sʌ.pʌ
tarnishes	'tɑ.nɪ.ʃɪ
glean’d	'ɡlin
charact’ry	'kæ.ɹɪk.tɹi
ripen’d	'ɹaɪ.pʌn
starr’d	'stɑ
faery	'fəː.ɹi
unreflecting	`ʌn.ɹɪ.'flɛk.tɪŋ
hélas	'heɪ.lʌ
fleeth	'fliθ
afore	æ.'fɔː
noli	'nəʊ.li
tangere	'tæŋ.ɡʌ
caesar’s	'si.zʌ
sinnes	'sɪn
nomber	'nɑ.mʌ
encreast	ɛn.'kɹist
wherof	'wɛ.ɹɑ
depe	dɪ.'pɛ
despeire	dɪ.'spəː
opprest	ʌ.'pɹɛst
fere	'feɪ.ʌ.ʌ
susteine	'sʌ.staɪ
endlesse	'ɛnd.lʌ
mercie	'məː.si
releue	ɹɪ.'lʉː
sinne	'sɪ
nede	'ni
haue	'hɔː
ayde	'aɪ
woefull	'wəʊ.fʊə
synne	'sɪ
craue	'kɹɔː
manyfolde	'mæ.nɪ.`fəʊl
onely	'wɑn.li
hies	'haɪ
lamentation	læ.mɪn.'teɪ.ʃʌ
felicities	fɛ.'lɪ.sɪ.ti
uncursed	ʌn.'kəːs
eddying	'ɛ.dɪ.ɪŋ
whirld	'wəːl
volleying	'vɑ.lɪ.ɪŋ
invisibly	ɪn.'vɪ.zʌ.bli
fire­your	'faɪ.ʌ.jʌ
minims	'mɪ.nɪm
faithless	'feɪθ.lʌ
1	'wɑ
lodger	'lɑ.dʒʌ
rockall	'ɹɑ.kɔː
dogger	'dɑ.ɡʌ
finisterre	'fɪ.nɪ.`stɛ.ɹʌ
spiry	'spaɪ.ʌ.ɹɪ
birchen	'bəː.tʃʌ
streamlet	'stɹim.lʌt
philisto	fɪ.'lɪ.stəʊ
lorn	'lɔː
twistings	'twɪ.stɪŋ
troublous	'tɹʌ.blʌ
een	'i
frippery	'fɹɪ.pʌ.ɹi
brokage	'bɹɑ.kɪdʒ
ope	'əʊ
unactit	ʌ.'næk.tɪt
wingéd	wɪŋ.'ɡeɪ
tills	'tɪl
hyacinthine	'haɪ.æ.`sɪn.θaɪ
zante	'zɑnt
fior	fɪ.'ɔː
levante	lɛ.'vɑn.teɪ
priscians	'pɹɪ.seɪ.ʌn
wronog	'ɹɑ.nɑ
priscian	'pɹɪ.seɪ.ʌ
outblazed	aʊt.'bleɪz
skyey	'skaɪ.ɪ
empyrean	ɛm.'pɪ.ɹeɪ.ʌ
paradisic	`pæ.ɹʌ.'dɪ.zɪ
tipt	'tɪpt
jewelled	'dʒʉː.ʌl
dipt	'dɪpt
splendour	'splɛn.dʌ
persephone	pʌ.'sɛ.fʌ.`ni
safetys	'seɪf.ti
rend	'ɹɛn
patmian	'pæt.meɪ.ʌ
glistens	'ɡlɪ.sʌn
lightens	'laɪ.tʌn
illume	ɪ.'lʉː
barrd	'bæ.ʌ
reprove	ɹɪ.'pɹʉː
benignant	bɪ.'nɪɡ.nʌnt
unforgotten	ʌn.fʌ.'ɡɑ.tʌ
oblivions	ʌ.'blɪ.veɪ.ʌn
pyre	'paɪ.ʌ
memnons	'mɛm.nɑn
furl	'fəː
votarys	'vɑ.tʌ.ɹi
weareth	'wəː.ɹʌθ
beareth	'bəː.ɹʌθ
shineth	'ʃaɪ.nʌθ
memorys	'mɛ.mʌ.`ɹi
mouldering	'məʊl.dʌ.ɹɪŋ
telleth	'tɛ.lʌθ
crouches	'kɹaʊ.tʃɪ
fortune’s	'fɔː.tʃʉːn
whirlblast	'wəːl.blɑst
emathian	ɪ.'mæ.θeɪ.ʌ
theban	'θɛ.bʌ
jove’s	'dʒəʊv
lodg’d	'lɑdʒ
therewith	ðəː.'wɪð
glideth	'ɡlaɪ.dʌθ
travell’d	'tɹæ.vɛl
demesne	'dɛ.mɛ.snɪ
star’d	'stɑ
look’d	'lʊək
plann’d	'plæn
morning’s	'mɔː.nɪŋ
daylight’s	'deɪ.laɪt
dapple	'dæ.pʌ
wimpling	'wɪm.plɪŋ
skate’s	'skeɪt
valour	'væ.lʌ
shéer	'ʃi.ʌ
plód	'plɑ
sillion	'sɪ.leɪ.ʌ
propinquity	pɹʌ.'pɪn.kwɪ.ti
body’s	'bɑ.di
minde	'maɪn
heauy	'həʊ.i
could’st	'kʊədst
owne	'əʊ
beest	'bist
vnredrest	`vi.'ɛn.ɹi.'dɹɛst
blisse	'blɪ
spye	'spaɪ
ioy	'aɪ.ɔɪ
hie	'haɪ
ioyne	'aɪ.ɔɪ
haplesse	'hæ.plʌ
lyfe	'laɪ
griefe	'ɡɹi
loue	'laʊ
moue	'maʊ
liue	'lɪ.jʉː
passionless	'pæ.ʃʌn.lʌ
desertness	dɪ.'zəːt.nʌ
lieth	'laɪ.ʌθ
blanching	'blɑn.tʃɪŋ
moveless	'mʉːv.lʌ
tost	'tɑst
undazzled	ʌn.'dæ.zʌl
confusedly	kʌn.'fjʉː.sɪd.lɪ
storys	'stɔː.ɹɪ
briery	'bɹaɪ.ʌ.ɹi
uncrown	ʌn.'kɹaʊ
earthiy	'əː.θɪ.i
jumbling	'dʒʌm.blɪŋ
junos	'dʒʉː.nəʊ
gazer	'ɡeɪ.zʌ
laurelld	'lɔː.ɹɛl
clarions	'klæ.ɹeɪ.ʌn
ousts	'aʊst
importunate	`ɪm.pɔː.'tʌ.neɪt
rememberest	ɹɪ.'mɛm.bʌ.ɹʌst
magificent	mæ.'dʒɪ.fɪ.sʌnt
unfledged	ʌn.'flɛdʒ
untracked	ʌn.'tɹækt
tropes	'tɹəʊp
casteth	'kɑ.stʌθ
forlornly	'fɔː.lɔːn.li
blighting	'blaɪ.tɪŋ
golgotha	ɡʌl.'ɡɑ.θʌ
tasselled	'tæ.sʌl
furled	'fəːl
vaporous	'veɪ.pʌ.ɹʌ
murmurest	'məː.mjʊə.ɹʌst
treasurest	'tɹɛ.ʒʌ.ɹʌst
voluted	'vɑ.lʉː.tɪ
noontide	'nʉːn.taɪ
illumines	ɪ.'lʉː.maɪn
secrecies	'si.kɹʌ.`si
superfluous	sʉː.'pəː.flʉː.ʌ
orbed	'ɔːb
dyked	'daɪkt
limned	'lɪm
glassd	'ɡlɑs
ebon	'ɛ.bʌ
nestward	'nɛs.twʌ
slackend	'slæ.kɛn
throngd	'θɹɑŋ
deathless	'dɛθ.lʌ
gulphed	'ɡʌlf
enshrouds	ɛn.'ʃɹaʊd
kissd	'kɪs
sculpturd	'skʌlp.təː
barques	'bɑk
plashing	'plæ.ʃɪŋ
whiskerd	'wɪ.skəː
boatmans	'bəʊt.mʌn
sinbads	'sɪn.bæd
intermits	`ɪn.tʌ.'mɪt
pinnace	'pɪ.nɪ
dreamd	'dɹim.`di
markd	'mɑk
whilome	'wɪ.ləʊ
shepheards	'ʃɛ.fəːd
enforst	ɛn.'fɔːst
unfitter	ʌn.'fɪ.tʌ
taske	'tɑs
chaunge	'tʃɔːndʒ
oaten	'əʊ.tʌ
prayses	'pɹeɪ.sɪ
meane	'mi
areeds	'æ.ɹid
emongst	ɪ.'mɑŋst
warres	'wɑ
helpe	'hɛl
chiefe	'tʃi
performe	pʌ.'fɔː
scryne	'skɹaɪ
rolles	'ɹəʊl
faerie	'fəː.ɹi
tanaquill	'tæ.næ.`kwɪ
weake	'wi
impe	ɪm.'pɛ
cruell	'kɹʉː.ʌ
cunningly	'kʌ.nɪŋ.lɪ
heben	'hɛ.bʌ
milde	'maɪl.dʌ
jollities	'dʒɑ.lɪ.ti
arrayd	æ.'ɹeɪ
murdrous	'məː.dɹʌ
spoiles	'spɔɪl
bloudy	'blaʊ.di
goddesse	'ɡɑ.dɛ
mirrour	'mɪ.ɹʌ
majestie	'mæ.dʒɛ.sti
beames	'bim
eyne	'aɪ
thinke	'θɪŋ
heare	'heɪ.ʌ.ʌ
limpd	'lɪmp
beadsmans	'bidz.mʌn
riseth	'ɹaɪ.sʌθ
returneth	ɹɪ.'təː.nʌθ
meagre	'mi.ɡʌ
emprisond	ɛm.'pɹɪ.zɑn
purgatorial	`pəː.ɡæ.'tɔː.ɹɪ.ʌ
oratries	'ɔː.ɹʌ.`tɹɪ
passeth	'pɑ.sʌθ
adonais	'æ.dʌ.`naɪ
piercd	'peɪ.ʌ.ʌk
urania	jʊə.'ɹeɪ.neɪ.ʌ
enamourd	ɪ.'næ.məː
adornd	æ.'dɔːn
slumbrous	'slʌm.bɹʌ
pinnacles	'pɪ.nʌ.kʌl
flushd	'flʌʃ
dewd	'djʉː
showery	'ʃaʊ.ʌ.ɹi
clomb	'klɑ
copse	'kɑp
slumbery	'slʌm.bʌ.ɹi
thraldom	'θɹæl.dʌ
honourd	'ɑ.nəː
remorselessly	ɹɪ.'mɔː.slʌ.slɪ
assignd	æ.'saɪn
matchless	'mætʃ.lʌ
unbeseem	ʌn.bɪ.'si
beholds	bɪ.'həʊld
ilions	'ɪ.leɪ.ʌn
descant	'dɛ.skænt
clangs	'klæŋ
melodise	'mɛ.lʌ.`daɪ
mondegos	mʌn.'di.ɡəʊ
oerthrown	'əʊ.ʌ.`θɹəʊ
lovd	'lʌv
meed	'mi
sequesterd	'si.kwɪ.`stəː
ween	'wi
sugh	'sʌ
shortning	'ʃɔː.tʌ.nɪŋ
miry	'maɪ.ʌ.ɹɪ
frae	'fɹi
pleugh	'plʉː
blackning	'blæ.kʌ.nɪŋ
craws	'kɹɔː
moil	'mɔɪ
hameward	'heɪm.wʌ
derwents	'dəː.wʌnt
artless	'ɑt.lʌ
neighbouring	'neɪ.bəː.ɹɪŋ
rolld	'ɹəʊl
becrowded	'bɛ.kɹaʊ.dɪ
plenteous	'plɛn.teɪ.ʌ
pealing	'pi.lɪŋ
blowd	'bləʊ
gabbling	'ɡæ.blɪŋ
wakens	'weɪ.kʌn
beamless	'bim.lʌ
skyâ	'skaɪ.ʌ
neath	'niθ
knaps	'næp
owlet	'aʊ.lʌt
affright	æ.'fɹaɪt
fancying	'fæn.sɪ.ɪŋ
lureth	'lʊə.ɹʌθ
rapturously	'ɹæp.tʃʌ.ɹʌ.sli
silv’ry	'sɪlv.ɹi
compassed	'kʌm.pʌst
oerwhelming	'əʊ.ʌ.`wɛl.mɪŋ
entereth	'ɛn.tʌ.ɹʌθ
purlieus	'pəː.lʉː
alway	'ɔːl.weɪ
drear	'dɹeɪ.ʌ.ʌ
seeth	'siθ
songsters	'sɑŋ.stʌ
blights	'blaɪt
honord	'ɑ.nɔː
beamd	'bim.`di
stept	'stɛpt
waxd	'wæks
ploughs	'plaʊ
glidingly	'ɡlaɪ.dɪŋ.lɪ
reveald	ɹɪ.'vil
robd	'ɹɑb
unfetterd	ʌn.'fɛ.təː
compassions	kʌm.'pæ.ʃʌn
glads	'ɡlæd
learnings	'ləː.nɪŋ
votaries	'vɑ.tʌ.ɹi
pedagogue	'pɛ.dæ.`ɡɑ
ydwells	'ɪ.dwɛl
quells	'kwɛl
eftsoons	ɛft.'sʉːn
certes	'səːt
withouten	wɪ.'ðaʊ.tʌ
fancys	'fæn.sɪ
drearier	'dɹeɪ.ʌ.ʌ.ɹɪ.ʌ
whilom	'wɪ.lʌ
subtile	'sʌb.taɪ
easen	'ɛ.zʌ
anatomize	'æ.næ.tʌ.`maɪ
unpeopling	ʌn.'pi.plɪŋ
distaind	dɪ.'steɪn
destroyd	dɪ.'stɹɔɪ
tellen	'tɛ.lʌ
ladye	'leɪ.daɪ
memorie	'mɛ.mɔː.ɹi
dusky	'dʌ.ski
thinkst	'θɪŋkst
oppresst	ʌ.'pɹɛst
lubbard	'lʌ.bʌ
snored	'snɔː
traunce	'tɹɔːn
eath	'iθ
opend	'əʊ.pʌn
straightway	'stɹeɪ.tweɪ
swoln	'swɑl
hydropsy	'haɪ.dɹɑp.si
hypochonriac	`haɪ.pəʊ.'tʃɑn.ɹɪ.`æ
vexation	vɛk.'seɪ.ʃʌ
perdie	'pəː.di
vapour	'veɪ.pʌ
gybe	'dʒaɪ
prate	'pɹeɪt
traverses	tɹæ.'vəː.sɪ
burnishd	'bəː.nɪʃ
pawing	'pɔː.ɪŋ
scotlands	'skɑt.lʌnd
limner	'lɪm.nʌ
chastend	'tʃeɪ.stɛn
lurkd	'ləːk
orbd	'ɔːb
veild	'veɪl
oerleapt	'əʊ.ʌ.`lipt
unwares	ʌn.'wəː
impight	ɪm.'paɪt
befals	bɪ.'fæl
carelesse	'kəː.lɛ
quight	'kwaɪt
zeale	'zi
jealousie	'dʒɛ.laʊ.si
saile	'seɪ
syrts	'sɪ.ʌt
syrens	'saɪ.ɹʌn
glancd	'ɡlɑnk
chearful	'tʃeɪ.ʌ.ʌ.fʌ
breathd	'bɹɛθ
pourd	'pɔː
darkning	'dɑ.kʌ.nɪŋ
echod	'ɛ.kɑ
evn	'ɛ.vʌ
scotias	'skəʊ.ʃʌ
wandring	'wɑn.dɹɪŋ
tangld	'tæŋɡəl
untaught	ʌn.'tɔːt
unkindly	ʌn.'kaɪnd.li
seducers	sɪd.'jʉː.sʌ
elizas	ɪ.'laɪ.zʌ
evry	'ɛv.ɹi
honours	'ɑ.nʌ
resounded	ɹɪ.'zaʊn.dɪ
perfuming	'pəː.fjʉː.mɪŋ
illuming	ɪ.'lʉː.mɪŋ
viewless	'vjʉː.lʌ
syren	'saɪ.ɹʌ
shunnd	'ʃʌn
sojourning	'səʊ.dʒəː.nɪŋ
sincerer	'sɪn.sʌ.ɹʌ
forelock	'fɔː.lɑ
misseth	'mɪ.sʌθ
amerced	'æ.məːst
meaning’s	'mi.nɪŋ
i’ve	'aɪ
conjecturing	kʌn.'dʒɛk.tʃʌ.ɹɪŋ
perfumd	'pəː.fʌm.`di
rushy	'ɹʌ.ʃi
inkwell	'ɪŋ.kwɛ
afters	'ɑf.tʌ
jousts	'dʒaʊst
unobtained	ʌ.nɑb.'teɪn
gallahad	'ɡæ.læ.`hæ
gilds	'ɡɪld
plesure	'plɛ.ʒʌ
sousas	'saʊ.sʌ
uplifts	ʌ.'plɪft
poet’s	'pəʊ.ɪt
artist’s	'ɑ.tɪst
ocular	'ɑ.kjʊə.lʌ
husband’s	'hʌs.bʌnd
handgrip	'hænd.ɡɹɪ
passion’s	'pæ.ʃʌn
selfsame	'sɛlf.seɪ
barèd	'bəː
disconsolate	dɪ.'skɑn.sʌ.lʌt
plaints	'pleɪnt
unspotted	ʌn.'spɑ.tɪ
pleasance	'plɛ.zʌn
imprecations	ɪm.pɹɪ.'keɪ.ʃʌn
malison	'mæ.lɪ.sʌ
spoilure	'spɔɪ.leɪ.ʌ.ʌ
blessedness	'blɛst.nʌ
oerborne	'əʊ.ʌ.`bɔː
multiplid	'mʌl.tɪ.`plɪ
cursedly	'kəː.sɪd.lɪ
confind	kʌn.'faɪn
denid	'dɛ.nɪ
israels	'ɪs.ɹeɪl
scatterd	'skæ.təː
tillers	'tɪ.lʌ
beckning	'bɛ.kʌ.nɪŋ
gord	'ɡɔː
heavn	'hi.vʌ
powrs	'paʊɹ
abodes	æ.'bəʊd
prisners	'pɹɪ.snʌ
o’erspread	'ɔː.spɹɛ
wav’ring	'wæv.ɹɪŋ
betray’d	bɪ.'tɹeɪ
treach’rous	'tɹitʃ.ɹʌ
suppliant	sʌ.'plaɪ.ʌnt
oppress’d	ʌ.'pɹɛs
fool’s	'fʉːl
ev’ry	'ɛv.ɹi
afflictive	æ.'flɪk.tɪ
speaker’s	'spi.kʌ
pow’rful	'paʊɹ.fʌ
precipitates	pɹɪ.'sɪ.pɪ.`teɪt
observ’d	ɑb.'zəːv
gen’ral	'dʒɛn.ɹʌ
unconfin’d	ʌn.kʌn.'fɪn
hireling	'haɪ.ʌ.lɪŋ
ruffian	'ɹʌ.feɪ.ʌ
heap’d	'hip
cheared	'tʃeɪ.ʌ.ʌ
loitered	'lɔɪ.tʌ
topt	'tɑpt
remitting	ɹi.'mɪ.tɪŋ
gambol	'ɡæm.bɑ
frolicked	'fɹɑ.lɪkt
mirthful	'məːθ.fʌ
mistrustless	mɪ.'stɹʌst.lʌ
smutted	'smʌ.tɪ
tittered	'tɪ.tʌ
broods	'bɹʉːd
satyr	'sæ.tʌ
oberons	'əʊ.bɹɑn
claspd	'klɑsp
frighted	'fɹaɪ.tɪ
dryads	'dɹaɪ.æd
fauns	'fɔːn
cowslipd	'kaʊ.slɪp
joves	'dʒəʊv
summoner	'sʌ.mʌ.nʌ
satyrs	'sæ.tʌ
tritons	'tɹaɪ.tʌn
witherd	'wɪ.ðəː
unlockd	ʌn.'lɑk
waxwing	'wæk.swɪŋ
uncurtaining	ʌn.'kəː.tʌ.nɪŋ
larches	'lɑ.tʃɪ
back...a	'bæ.'keɪ
torquated	'tɔː.kweɪ.tɪ
sublimated	'sʌ.blɪ.`meɪ.tɪ
amrous	'æm.ɹʌ
unexplord	`ʌ.nɛk.'splɔː
timrous	'tɪm.ɹʌ
opd	'ɑp
knockd	'nɑk
sylph	'sɪl
prolongd	pɹʌ.'lɑŋ
summond	'sʌ.mʌn
hoverd	'hɑ.vəː
glittring	'ɡlɪ.tɹɪŋ
birthnight	'bəːθ.naɪt
causd	'kɔːs
deferr’d	dɪ.'fəː
appear’d	æ.'peɪ.ʌ.ʌ
warm’d	'wɔːm
refresh’d	ɹɪ.'fɹɛʃ
open’d	'əʊ.pʌn
nation’s	'neɪ.ʃʌn
officious	ʌ.'fɪ.ʃʌ
wrapt	'ɹæpt
aprille	'eɪ.pɹɪ
shoures	'ʃaʊ.ʌ
soote	'sʊət
droghte	'dɹɑt
perced	'pəːst
roote	'ɹʉːt
swich	'swɪtʃ
licóur	'lɪ.kʌ
vertú	'vəː.tʉː
engendred	ɛn.'dʒɛn.dɹʌ
zephirus	'zɛ.fəː.ɹʌ
eek	'i
breeth	'bɹiθ
heeth	'hiθ
tendre	'tɛn.dʌ
croppes	'kɹɑp
yonge	'jɑndʒ
halfe	'hɑ
cours	'kəː
foweles	'faʊ.ɛl
maken	'meɪ.kʌ
melodye	'mɛ.lʌ.`daɪ
slepen	'slɛ.pʌ
nyght	'nɪt
priketh	'pɹaɪ.kʌθ
natúre	'neɪ.tʃʌ
hir	'həː
corages	'kɑ.ɹɪ.dʒɪ
thanne	'θæ
longen	'lɑn.dʒʌ
palmeres	'pɑ.meɪ.ʌ.ʌ
seken	'sɛ.kʌ
straunge	'stɹɔːndʒ
strondes	'stɹɑnd
ferne	'fəː
halwes	'hæl.wɪ
kowthe	'kaʊð
sondry	'sɑn.dɹi
londes	'lɑnd
engelond	ɛn.'dʒɛ.lɑn
caunterbury	'kɔːn.tʌ.bɹɪ
hooly	'hʉː.li
blisful	'blɪz.fʌ
martir	'mɑ.teɪ.ʌ.ʌ
seke	'si
holpen	'hɑl.pʌ
seeke	'si
bifil	'bɪ.fɪ
seson	'sɛ.sʌ
southwerk	'saʊ.θwəː
tabard	'tæ.bɑ
redy	ɹɪ.'daɪ
wenden	'wɛn.dʌ
pilgrymage	'pɪl.ɡɹɪ.mɪdʒ
ful	'fʌ
corage	'kɑ.ɹɪdʒ
hostelrye	'hɑ.stɪl.`ɹaɪ
wel	'wɛ
nyne	'naɪ
compaignye	kʌm.'peɪ.naɪ
áventure	æ.'vɛn.tʃʌ
falle	'fɔː
felaweshipe	'fɛ.lʌ.`ʃɪ
pilgrimes	'pɪl.ɡɹaɪm
alle	æ.'lɛ
ryde	'ɹaɪ
chambres	'tʃeɪm.bʌ
weren	'wəː.ɛ
wyde	'waɪ
esed	'iz
atte	æ.'tɛ
reste	ɹɪ.'stɛ
hadde	'hæ
everychon	'ɛv.ɹɪ.tʃʌ
ryse	'ɹaɪ
oure	'aʊ.ʌ
ther	'ðʌ
devyse	'dɛ.vaɪ
borrow’d	'bɑ.ɹəʊ
rowling	'ɹəʊ.lɪŋ
reason’s	'ɹi.zʌn
doubtfull	'daʊt.fʊə
incompassing	ɪn.'kʌm.pʌ.sɪŋ
unmov’d	ʌn.'mɑv
atom’s	'æ.tʌm
20	'twɛn.ti
stagirite	'stæ.dʒɪ.`ɹaɪt
epicurus	'ɛ.pɪ.`kjʊə.ɹʌ
guess’d	'ɡɛs
grop’d	'ɡɹɑp
rashly	'ɹæʃ.li
judg’d	'dʒʌdʒ
concern’d	kʌn.'səːn
vanish’d	'væ.nɪʃ
30	'θəː.ti
toyl	'tɔɪ
cou’d	'kʉː
roul	'ɹaʊ
fra	'fɹɑ
pandolf’s	'pæn.dɑlf
will’t	'wɪlt
pandolf	'pæn.dɑl
chanced	'tʃɑnst
lady’s	'leɪ.di
whate’er	'wɑ.təː
anybody’s	'ɛ.nɪ.`bɑ.di
who’d	'hʉː
lessoned	'lɛ.sʌn
e’en	'ɛ.ʌ
whene’er	'wɛ.nəː
master’s	'mɑ.stʌ
munificence	mjʉː.'nɪ.fɪ.sʌn
daughter’s	'dɔː.tʌ
innsbruck	'ɪns.bɹʌ
learning’s	'ləː.nɪŋ
barb’rous	'bɑ.bɹʌ
rear’d	'ɹeɪ.ʌ.ʌ
shakespear	'ʃeɪk.speɪ.ʌ.ʌ
colour’d	'kʌ.lʌ
imagin’d	ɪ.'mæ.dʒɪn
toil’d	'tɔɪl
impress’d	ɪm.'pɹɛs
unresisted	`ʌn.ɹɪ.'sɪ.stɪ
storm’d	'stɔːm
essay’d	'ɛ.seɪ
ling’ring	'lɪŋ.ɹɪŋ
egypt’s	'i.dʒɪpt
wish’d	'wɪʃ
jonson’s	'dʒɑn.sʌn
shakespear’s	'ʃeɪk.speɪ.ʌ.ʌ
aspir’d	'æ.speɪ.ʌ.ʌ
hop’d	'hɑp
regain’d	ɹɪ.'ɡeɪn
crush’d	'kɹʌʃ
weaken’d	'wi.kʌn
refin’d	ɹɪ.'fɪn
pow’r	'paʊ
declin’d	dɪ.'klɪn
declamation	dɪ.klæ.'meɪ.ʃʌ
roar’d	'ɹɔː
deign	'deɪ
forc’d	'fɔːk
exulting	ɛɡ.'zʌl.tɪŋ
hail’d	'heɪl
confirm’d	kʌn.'fəːm
behns	'beɪn
durfoys	'dəː.fɔɪ
rav’d	'ɹæv
mahomet	'mæ.hɑ.mɪt
plac’d	'plæk
drama’s	'dɹɑ.mʌ
rescu’d	'ɹɛ.skʉː
couplets	'kʌ.plʌt
foredoomd	'fɔː.dʉːm.`di
condemnd	kʌn.'dɛmən
especial	ɪ.'spɛ.ʃʌ
hamets	'hæ.mɪt
spurnd	'spəːn
sovreign	'sɑv.ɹeɪ
obeyd	'əʊ.bɪ
bedecks	bɪ.'dɛk
clime	'klaɪ
nts	`ɛn.`ti.'ɛ
swains	'sweɪn
languor	'læŋ.ɡjʉː.ʌ
countrys	'kʌn.tɹɪ
corydons	'kɔː.ɹɪ.dʌn
mincios	'mɪn.sɪ.`əʊ
tityrus	'tɪ.tɪ.ɹʌ
mantuan	'mɑnt.jʉː.ʌ
feebler	'fi.blʌ
oercome	'əʊ.ʌ.`kʌ
oerpower	'əʊ.ʌ.`paʊ.ʌ
toilsome	'tɔɪl.sʌ
bugloss	'bʌ.ɡlɑ
tare	'təː
follys	'fɑ.li
scapd	'skæp
fleshs	'flɛʃ
wound’s	'wʉːnd
hengist	'hɛŋ.ɡɪst
usurp’d	jʉː.'zəːp
flow’ring	'fləʊ.ɹɪŋ
canutus	'kæn.jʉː.tʌ
ta’en	'tæ.ʌ
bedews	bɪd.'jʉː
depos’d	dɪ.'pɑz
clapp’d	'klæp
pricking	'pɹɪ.kɪŋ
richmond’s	'ɹɪtʃ.mʌnd
spain’s	'speɪn
armado	ɑ.'mɑ.dəʊ
entreats	ɛn.'tɹit
fix’d	'fɪks
sotted	'sɑ.tɪ
swoll’n	'swəʊl
foretells	fɔː.'tɛl
eaglets	'i.ɡlʌt
trick’d	'tɹɪk
compar’d	kʌm.'pɑ
tun’d	'tʌn
dar’d	'dɑ
deform’d	dɪ.'fɔːm
gavelkind	'ɡeɪvəl.kaɪn
immodest	ɪ.'mɑ.dʌst
drouth	'dɹaʊθ
hurl’d	'həːl
shipwreck’d	'ʃɪ.pɹɛk
suck’d	'sʌk
martyr’d	'mɑ.tʌ
repine	ɹɪ.'paɪ
taper’s	'teɪ.pʌ
sleeks	'slik
terser	'təː.sʌ
conquer’d	'kɑn.kʌ
labour’d	'leɪ.bʌ
deck’s	'dɛk
link’d	'lɪŋk
westers	'wɛ.stʌ
he’s	'hi
dangrous	'dæŋ.ɡɹʌ
glimmring	'ɡlɪm.ɹɪŋ
tracd	'tɹæk
colouring	'kʌ.ləː.ɹɪŋ
disgracd	dɪs.'ɡɹæk
defacd	dɪ.'fæk
bewilderd	bɪ.'wɪl.dəː
coxcombs	'kɑk.skəʊm
eunuchs	'jʉː.nʌtʃ
mævius	'mæ.vɪ.ʌ
apollos	æ.'pɑ.ləʊ
ovid’s	'əʊ.vɪd
preferreth	pɹɪ.'fəː.ɹʌθ
plain’st	'pleɪnst
tediousness	'ti.dɪ.ʌ.snʌ
diana’s	daɪ.'æ.nʌ
is’t	'ɪst
who’ll	'hʉː
tressed	'tɹɛst
aonian	eɪ.'ɑ.neɪ.ʌ
seek’st	'sikst
phœbus	'fəʊ.bʌ
work’s	'wəːk
slaked	'sleɪkt
favourite	'feɪ.vʌ.ɹɪt
beseeming	bɪ.'si.mɪŋ
elegian	'ɛ.lɪ.dʒʌ
warblest	'wɔː.blʌst
seabank	'si.bæŋ
hellespont	'hɛ.lɪ.`spɑnt
borderers	'bɔː.dʌ.ɹʌ
disjoind	dɪs.'dʒɔɪn
neptunes	'nɛpt.jʉːn
abydos	æ.'bɪ.dəʊ
sestos	'sɛ.stəʊ
offerd	'ɑ.fəː
borderd	'bɔː.dəː
kirtle	'kəː.tʌ
lightend	'laɪ.tɛn
buskins	'bʌ.skɪn
branchd	'bɹɑntʃ
perchd	'pəːtʃ
handmaid	'hænd.meɪ
chirrup	'tʃɪ.ɹʌ
pind	'pɪn
strooken	'stɹʊə.kʌ
imagind	ɪ.'mæ.dʒɪn
rockd	'ɹɑk
sufferd	'sʌ.fəː
unpolished	ʌn.'pɑ.lɪʃt
t’have	'ti.'heɪ
giv’n	'dʒɪv
they’re	ðeɪ.'ʌ
insipid	ɪn.'sɪ.pɪ
uncorrect	ʌn.kʌ.'ɹɛkt
outmost	'aʊt.məʊst
diffusive	dɪ.'fjʉː.sɪ
levites	'lɛ.vaɪt
david’s	'deɪ.vɪd
fall’n	'fɔːl
education’s	`ɛ.dʒʉː.'keɪ.ʃʌn
debarred	dɪ.'bɑ
endeavouring	ɛn.'dɛ.vəː.ɹɪŋ
madst	'mædst
unpronouncd	ʌn.pɹʌ.'naʊŋk
mutely	'mjʉːt.li
packd	'pæk
daintest	'deɪn.tʌst
servd	'səːv
chiefest	'tʃi.fʌst
fantastics	fɑn.'tæ.stɪk
gayst	'ɡeɪst
deckd	'dɛk
assemblys	æ.'sɛm.blɪ
heavns	'hi.vʌn
thtouch	`ti.'eɪtʃ.'tʌtʃ
eyd	'aɪ
beldam	'bɛl.dʌ
demodocus	'dɛ.mʌ.`dɑ.kʌ
alcinous	'æl.sɪ.nʌ
pilèd	'paɪl
ypointing	'ɪ.pɔɪn.tɪŋ
need’st	'nidst
unvalued	ʌn.'væl.jʉː
bereaving	bɪ.'ɹi.vɪŋ
sepúlchred	'sɛ.pʌlkɹ
farewel	'fəː.wʌ
allyd	'æ.laɪ
poetick	'pəʊ.ɪ.`tɪ
abhorrd	æb.'hɑ.ʌ
nisus	'nɪ.sʌ
performd	pʌ.'fɔːm.`di
betrayd	bɪ.'tɹeɪ
shewd	'ʃjʉː
mellows	'mɛ.ləʊ
rime	'ɹaɪ
helo	'hi.ləʊ
self-substantial	'sɛlf.sʌb.'stæn.ʃʌ
self-same	'sɛlf.'seɪ
swart-complexion'd	'swɔːt.kʌm.'plɛk.ʃʌn.'bæk.slæʃ.'di
well-seeing	'wɛl.'si.ɪŋ
deep-sunken	'dip.'sʌŋ.kʌ
all-eating	'ɔː.'li.tɪŋ
self-love	'sɛl.'flʌ
new-appearing	'njʉː.æ.'peɪ.ʌ.ʌ.ɹɪŋ
steep-up	'sti.'pʌ
out-going	'aʊt.'ɡəʊ.ɪŋ
never-resting	'nɛ.vʌ.'ɹɛ.stɪŋ
self-kill'd	'sɛlf.'kɪl.'bæk.slæʃ.'di
self-will'd	'sɛlf.wɪl.'bæk.slæʃ.'di
well-tuned	'wɛlt.'jʉːn
kind-hearted	'kaɪnd.'hɑ.tɪ
long-lived	'lɑŋ.'lɪv
swift-footed	'swɪft.'fʊə.tɪ
master-mistress	'mɑ.stʌ.'mɪ.stɹʌ
a-doting	'eɪ.'dəʊ.tɪŋ
first-born	'fəːst.'bɔː
where-through	`wəː.'θɹʉː
fore-bemoaned	'fɔː.bɪ.'məʊn
well-contented	'wɛl.kʌn.'tɛn.tɪ
re-survey	`ɹi.'səː.veɪ
mountain-tops	'maʊn.tɪn.'tɑp
storm-beaten	'stɔːm.'bi.tʌ
present-absent	'pɹɛ.zʌn.'tæb.sʌnt
wilful-slow	'wɪl.fʌl.'sləʊ
up-locked	`ʌ.'plɑkt
canker-blooms	'kæŋ.kʌ.'blʉːm
all-oblivious	'ɔː.lʌ.'blɪ.vɪ.ʌ
to-day	tʌ.'deɪ
to-morrow	tʌ.'mɑ.ɹəʊ
world-without-end	'wəːl.dwɪ.`ðaʊ.'tɛn
self-doing	'sɛlf.'dʉː.ɪŋ
self-loving	'sɛl.'flʌ.vɪŋ
o'er-worn	'əʊ.'bæk.slæ.'ʃəː.'wɔː
down-razed	`daʊn.'ɹeɪz
o'er-sways	'əʊ.'bæk.slæ.'ʃəː.'sweɪ
tongue-tied	'tʌŋ.'taɪ
doctor-like	'dɑk.tʌ.'laɪ
death-bed	'dɛθ.'bɛ
sweet-season'd	'swit.'si.zʌn.'bæk.slæʃ.'di
new-found	'njʉː.'faʊn
o'er-read	'əʊ.'bæk.slæ.'ʃəː.'ɹi
time-bettering	'taɪm.'bɛ.tʌ.ɹɪŋ
true-telling	'tɹʉː.'tɛ.lɪŋ
well-refined	'wɛl.ɹɪ.'faɪn
double-vantage	'dʌ.bʌl.'vɑn.tɪdʒ
after-loss	'ɑf.tʌ.'lɑ
new-fangled	'njʉː.'fæŋ.ɡʌl
blessed-fair	'blɛst.'fəː
ill-used	'ɪl.'jʉːz
proud-pied	'pɹaʊd.'paɪ
over-goes	`əʊ.vʌ.'ɡəʊ
dial-hand	'daɪ.ʌl.'hæn
o'er-green	'əʊ.'bæk.slæ.'ʃəː.'ɡɹi
ever-fixed	'ɛ.vʌ.'fɪkst
dear-purchased	'deɪ.ʌ.ʌ.'pəː.tʃɪs
ne'er-cloying	'ni.'bæk.slæ.'ʃəː.'klɔɪ.ɪŋ
short-number'd	'ʃɔːt.'nʌm.bʌ.'bæk.slæʃ.'di
surety-like	'ʃʊə.ɹʌ.`ti.'laɪ
love-suit	'lʌv.'sʉːt
over-partial	`əʊ.vʌ.'pɑ.ʃʌ
o'er-press'd	'əʊ.'bæk.slæ.'ʃəː.'pɹɛs.'bæk.slæʃ.'di
pity-wanting	'pɪ.ti.'wɑn.tɪŋ
ill-wresting	'ɪl.'ɹɛ.stɪŋ
self-example	'sɛl.fɛɡ.'zɑm.pʌ
frantic-mad	'fɹɑn.tɪk.'mæ
bed-vow	'bɛd.'vaʊ
love-kindling	'lʌv.'kɪnd.lɪŋ
valley-fountain	'væ.lɪ.'faʊn.tɪ
new-fired	'njʉː.'faɪ.ʌ
love-god	'lʌv.'ɡɑ
heart-inflaming	'hɑ.tɪn.'fleɪ.mɪŋ
newly-drawn	'njʉː.li.'dɹɔː
wintering	'wɪn.tʌ.ɹɪŋ
dewdrop	'djʉː.dɹɑ
larkspur's	'lɑk.spʊə.'bæk.slæ.'ʃɛ
quench-ed	'kwɛn.'tʃɛ
water-meads	'wɔː.tʌ.'mid
sphered	'sfəː
whorl-ed	'wɔː.'lɛ
lovely-dumb	'lʌv.li.'dʌ
shell-ed	'ʃɛ.'lɛ
uncreated	ʌn.kɹi.'eɪ.tɪ
rinsed	'ɹɪns
censers	'sɛn.sʌ
feel-of-primrose	'fi.lɑv.'pɹɪm.ɹəʊ
plushy	'plʌ.ʃi
unhouse	'ʌn.haʊ
lily-coloured	'lɪ.li.'kʌ.lʌ
laboured-at	'leɪ.bʌ.dæt
7th	'sɛ.vʌnθ
1875	'wɑn.'θaʊ.zʌn.'deɪt.'hʌn.dɹʌ.dʌn.'sɛ.vʌn.ti.'faɪ
2	'tʉː
heardst	'həːdst
knowest	'nəʊ.ʌst
midriff	'mɪ.dɹɪ
astrain	æ.'stɹeɪ
3	'θɹi
dovewinged	'dʌv.wɪndʒ
carrier-witted	'kæ.ɹɪ.ʌ.'wɪ.tɪ
4	'fɔː
voel	'vəʊ
5	'faɪ
lovely-asunder	'lʌv.li.æ.'sʌn.dʌ
dappled-with-damson	'dæ.pʌl.dwɪð.'dæm.sʌ
instressed	ɪn.'stɹɛst
6	'sɪk
7	'sɛ.vʌ
warm-laid	'wɔːm.'leɪ
womb-life	'wʉːm.'laɪ
maiden's	'meɪ.dʌn.'bæk.slæ.'ʃɛ
8	'eɪt
lush-kept	'lʌʃ.'kɛpt
plush-capped	'plʌʃ.'kæpt
flesh-burst	'flɛʃ.'bəːst
christ,'s	'kɹaɪst.'bæk.slæ.'ʃɛ
9	'naɪ
three-number-ed	'θɹi.'nʌm.bʌ.'ɹɛ
fondler	'fɑnd.lʌ
10	'tɛ
anvil-ding	'æn.vʌl.'dɪŋ
lingering-out	'lɪŋ.ɡʌ.ɹɪŋ.'aʊt
m-ercy	'ɛ.'məː.si
11	ɪ.'lɛ.vʌ
w-e	'dʌ.bʌl.`jʉː.'i
blear	'bleɪ.ʌ.ʌ
12	'twɛl
american-outward-bound	æ.'mɛ.ɹɪ.kʌ.'naʊ.twʌd.'baʊn
13	'θəː.ti
flint-flake	'flɪnt.'fleɪ
black-backed	'blæk.'bækt
eastnortheast	'ist.nɔː.`θist
white-fiery	'waɪt.'faɪ.ʌ.ɹɪ
whirlwind-swivell-ed	'wəːl.wɪnd.'swɪ.vɛ.'lɛ
widow-making	'wɪ.dəʊ.'meɪ.kɪŋ
unchilding	ʌn.'tʃaɪl.dɪŋ
unfathering	ʌn.'fɑ.ðʌ.ɹɪŋ
deeps	'dip
14	'fɔː.ti
kentish	'kɛn.tɪʃ
15	'fɪf.ti
trenched	'tɹɛntʃt
16	'sɪk.sti
woman-kind	'wʊə.mʌn.'kaɪn
rope's	'ɹəʊp.'bæk.slæ.'ʃɛ
dandled	'dæn.dʌl
foam-fleece	'fəʊm.'fli
17	'sɛ.vʌn.`ti
sea-romp	'si.'ɹɑm
heart-break	'hɑt.'bɹeɪ
heart-broke	'hɑt.'bɹəʊ
lioness	'laɪ.ʌ.nɛ
18	'eɪ.ti
unteachably	ʌn.'ti.tʃʌ.blɪ
never-eldering	'nɛ.vʌ.'ɹɛl.dʌ.ɹɪŋ
19	'naɪn.ti
bawling	'bɔː.lɪŋ
sloggering	'slɑ.ɡʌ.ɹɪŋ
coif-ed	'kɔɪ.'fɛ
21	'twɛn.ti.'wɑ
gnashed	'næʃt
unchancelling	ʌn.'tʃɑn.sʌ.lɪŋ
poising	'pɔɪ.zɪŋ
martyr-master	'mɑ.tʌ.'mɑ.stʌ
scroll-leaved	'skɹəʊl.'liv
astrew	æ.'stɹʉː
22	'twɛn.ti.'tʉː
bespoken	bɪ.'spəʊ.kʌ
before-time-taken	bɪ.`fɔː.'taɪm.'teɪ.kʌ
priz-ed	'pɹɪ.'zɛ
cinquefoil	'sɪn.kwɪ.`fɔɪ
ruddying	'ɹʌ.dɪ.ɪŋ
rose-flake	'ɹəʊz.'fleɪ
23	'twɛn.ti.'θɹi
gnarls	'nɑl
lovescape	'lʌv.skeɪ
seraph-arrival	'sɛ.ɹʌ.fæ.'ɹaɪ.vʌ
five-liv-ed	'faɪv.'lɪ.'vɛ
leav-ed	'li.'vɛ
sisterly	'sɪ.stʌ.li
fall-gold	'fɔːl.'ɡəʊl
all-fire	'ɔːl.'faɪ.ʌ
24	'twɛn.ti.'fɔː
loveable	'lʌ.vʌ.bʌ
black-about	'blæ.kæ.'baʊt
christens	'kɹɪ.stʌn
wild-worn	'waɪl.'dwɔː
25	'twɛn.ti.'faɪ
else-minded	'ɛl.'smaɪn.dɪ
gennesareth	'dʒɛ.nɪ.`sɑ.ɹʌθ
26	'twɛn.ti.'sɪk
down-dogged	`daʊn.'dɑ.ɡɪ
ground-hugged	'ɡɹaʊnd.'hʌɡ
jay-blue	'dʒeɪ.'blʉː
blue-beating	'blʉː.'bi.tɪŋ
hoary-glow	'hɔː.ɹi.'ɡləʊ
belled	'bɛl
moth-soft	'mɑθ.'sɑft
27	'twɛn.ti.'sɛ.vʌ
jading	'dʒeɪ.dɪŋ
sodden-with-its-sorrowing	'sɑ.dʌn.wɪ.ðɪts.'sɑ.ɹəʊ.ɪŋ
endragon-ed	'ɛn.dɹæ.ɡʌ.'nɛ
28	'twɛn.ti.'eɪt
despatch	dɪ.'spætʃ
29	'twɛn.ti.'naɪ
unshapeable	ʌn.'ʃeɪ.pʌ.bʌ
tarpeian-fast	'tɑ.peɪ.ʌn.'fɑst
jesu	'dʒɛ.sʉː
heart-throe	'hɑt.'θɹəʊ
31	'θəː.ti.'wɑ
comfortless	'kʌm.fʌt.lʌ
unconfessed	ʌn.kʌn.'fɛst
uncomforted	ʌn.'kʌm.fʌ.tɪ
lovely-felicitous	'lʌv.li.fɛ.'lɪ.sɪ.tʌ
shipwrack	'ʃɪ.pɹæ
32	'θəː.ti.'tʉː
thce	`ti.`eɪtʃ.`si.'i
yore-flood	'jɔː.'flʌ
recurb	ɹɪ.'kəː
gulfs	'ɡʌlf
motionable	'məʊ.ʃʌ.nʌ.bʌ
33	'θəː.ti.'θɹi
outrides	aʊ.'tɹaɪd
lingerer	'lɪŋ.ɡʌ.ɹʌ
past-prayer	'pɑst.'pɹəː
the-last-breath	ðʌ.'lɑst.'bɹɛθ
uttermost	'ʌ.tʌ.`məʊst
passion-plung-ed	'pæ.ʃʌn.'plʌŋ.'ɛ
34	'θəː.ti.'fɔː
doubled-natur-ed	'dʌ.bʌld.'neɪ.tʃʌ.'ɹɛ
heaven-flung	'hɛ.vʌn.'flʌŋ
heart-fleshed	'hɑt.'flɛʃt
maiden-furled	'meɪ.dʌn.'fəːl
miracle-in-mary-of-flame	'mɪ.ɹʌ.kʌ.lɪn.'məː.ɹi.ɑv.'fleɪ
mid-numbered	'mɪd.'nʌm.bʌ
thunder-throne	'θʌn.dʌ.'θɹəʊ
dooms-day	'dʉːmz.'deɪ
hard-hurled	'hɑd.'həːl
35	'θəː.ti.'faɪ
heaven-haven	'hɛ.vʌn.'heɪ.vʌ
dayspring	'deɪ.spɹɪŋ
dimness	'dɪm.nʌ
crimson-cresseted	'kɹɪm.sʌn.'kɹɛ.sɛ.tɪ
rare-dear	'ɹəː.'deɪ.ʌ.ʌ
high-priest	'haɪ.'pɹist
hearth's	'hɑθ.'bæk.slæ.'ʃɛ
chivalry's	'tʃɪ.vʌl.ɹɪ.'bæk.slæ.'ʃɛ
throng's	'θɹɑŋ.'bæk.slæ.'ʃɛ
penmaen	'pɛn.mi
alp	'æl
cadair	'kæ.dəː
sculls	'skʌl
dyphwys	'daɪf.wɪ
triple-hummocked	'tɹɪ.pʌl.'hʌ.mʌkt
messmate	'mɛ.smeɪt
nobs	'nɑb
topsyturvy	'tɑp.sɪ.`təː.vi
sheep-flock	'ʃip.'flɑ
mawddach	'mɔː.dætʃ
floodtide	'flʌd.taɪ
mazy	'meɪ.zi
water-wattled	'wɔː.tʌ.'wɑ.tʌl
raindrop-roundels	'ɹeɪn.dɹɑ.'pɹaʊn.dʌl
furred	'fəː
darksome	'dɑk.sʌ
parlour-pastime	'pɑ.lʌ.'pɑ.staɪ
high-hung	'haɪ.'hʌŋ
braggart	'bɹæ.ɡɑt
pealed	'pil
bleared	'bleɪ.ʌ.ʌ
fire-folk	'faɪ.ʌ.'fəʊ
circle-citadels	'səː.kʌl.'sɪ.tʌ.`dɛl
elves'-eyes	'ɛlvz.'bæk.slæ.'ʃaɪ
quickgold	'kwɪk.ɡəʊl
wind-beat	'wɪnd.'bit
whitebeam	'waɪt.bi
flake-doves	'fleɪk.'dʌv
may-mess	'meɪ.'mɛ
march-bloom	'mɑtʃ.'blʉː
mealed-with-yellow	'mil.dwɪð.'jɛ.ləʊ
sallows	'sæ.ləʊ
withindoors	wɪ.'ðɪn.dɔː
piece-bright	'pis.'bɹaɪt
paling	'peɪ.lɪŋ
thrush's	'θɹʌʃ.'bæk.slæ.'ʃɛ
peartree	'peɪ.ʌ.ʌ.tɹi
much-thick	'mʌtʃ.'θɪ
w-ents	'dʌ.bʌl.`jʉː.'ɛnt
ha-ents	'hɑ.'ɹɛnt
f-ellows	'ɛ.'fɛ.ləʊ
k-end	'keɪ.'ɛn
r-ensom	'ɑ.ɹɛn.'sɑ
th-eir	`ti.'eɪ.'tʃaɪ
f-est	'ɛ.`fi.`ɛ.'sti
fri-end	'fɹaɪ.'ɛn
lull-off	'lʌ.'lɑ
frequenting	'fɹi.kwʌn.tɪŋ
rash-fresh	'ɹæʃ.'fɹɛʃ
re-winded	`ɹi.'wɪn.dɪ
new-skein-ed	'njʉː.'skeɪ.'nɛ
crisps	'kɹɪsp
none's	'nʌn.'bæk.slæ.'ʃɛ
turbid	'təː.bɪ
cared-for	'kəːd.fɔː
daylight's	'deɪ.laɪt.'bæk.slæ.'ʃɛ
dapple-dawn-drawn	'dæ.pʌl.'dɔːn.'dɹɔː
fal	'fæ
ecstacy	'ɛk.stʌ.si
skate's	'skeɪt.'bæk.slæ.'ʃɛ
bow-bend	'bəʊ.'bɛn
sh-eer	`ɛ.'seɪ.'tʃeɪ.ʌ.ʌ
pl-ed	`pi.'ɛ.'lɛ
blue-bleak	'blʉː.'bli
gold-vermillion	'ɡəʊld.vəː.'mɪ.leɪ.ʌ
couple-colour	'kʌ.pʌl.'kʌ.lʌ
brinded	'bɹɪn.dɪ
rose-moles	'ɹəʊz.'məʊl
stipple	'stɪ.pʌ
fresh-firecoal	'fɹɛʃ.'faɪ.ʌ.kəʊ
chestnut-falls	'tʃɛst.nʌt.'fɔːl
tr-edes	`ti.'ɑ.'ɹɛd
adazzle	æ.'dæ.zʌ
fathers-forth	'fɑ.ðʌz.'fɔːθ
stooks	'stʊək
wind-walks	'wɪn.'dwɔːk
behaviour	bɪ.'heɪ.vjʌ
silk-sack	'sɪlk.'sæ
wilful-wavier	'wɪl.fʌl.'weɪ.vɪ.ʌ
meal-drift	'mil.'dɹɪft
moulded	'məʊl.dɪ
saviour	'seɪ.vjʌ
he-ert	hi.'əːt
realer	'ɹeɪ.ʌ.lʌ
azurous	'æz.jʊə.ɹʌ
world-wielding	'wəːl.'dwil.dɪŋ
very-violet-sweet	'vɛ.ɹɪ.'vaɪ.ʌ.lʌt.'swit
hurls	'həːl
dare-gale	'dəː.'ɡeɪ
bone-house	'bəʊn.'haʊ
day-labouring-out	'deɪ.'leɪ.bəː.ɹɪŋ.'aʊt
sweet-fowl	'swit.'faʊ
song-fowl	'sɑŋ.'faʊ
flesh-bound	'flɛʃ.'baʊn
uncumbered	ʌn.'kʌm.bʌ
meadow-down	'mɛ.dəʊ.'daʊ
b-enes	'bi.'in
r-esen	'ɑ.'ɹɛ.sʌ
eurydice	'jʉː.ɹɪ.dɪ
unawakened	ʌ.næ.'weɪ.kʌn
flockbells	'flɑk.bɛl
forefalls	'fɔː.fɔːl
freighted	'fɹeɪ.tɪ
bounden	'baʊn.dʌ
boldboys	'bəʊld.bɔɪ
biscay	'bɪ.skeɪ
lanced	'lɑnst
deadly-electric	'dɛd.li.ɪ.'lɛk.tɹɪ
beetling	'bit.lɪŋ
baldbright	'bɔːld.bɹaɪt
hailropes	'heɪl.ɹəʊp
heavengravel	'hɛ.vʌŋ.`ɡɹæ.vʌ
wolfsnow	'wʊəlf.snəʊ
overvaults	`əʊ.vʌ.'vɑlt
appledurcombe	'æ.pʌl.`dəː.kʉː
ventnor	'vɛnt.nʌ
boniface	'bɑ.nɪ.`feɪ
portholes	'pɔːt.həʊl
care-drowned	'kəː.'dɹaʊn
cheer's	'tʃeɪ.ʌ.ʌ.'bæk.slæ.'ʃɛ
champ-white	'tʃæmp.'waɪt
water-in-a-wallow	'wɔː.tʌ.ɹɪ.næ.'wɑ.ləʊ
duty-swerver	'djʉː.ti.'swəː.vʌ
bristol-bred	'bɹɪ.stʌl.'bɹɛ
afterdraught	'ɑf.tʌ.`dɹɑft
wrings	'ɹɪŋ
deathgush	'dɛθ.ɡʌʃ
lifebelt	'laɪf.bɛlt
sea-swill	'si.'swɪ
rivelling	'ɹɪ.vʌ.lɪŋ
sea-corpse	'si.'kɔːp
brown-as-dawning-skinned	'bɹaʊ.næz.'dɔː.nɪŋ.'skɪn
seamanship	'si.mʌn.`ʃɪ
sinew	'sɪn.jʉː
robbery's	'ɹɑ.bʌ.ɹi.'bæk.slæ.'ʃɛ
hoar-hallow-ed	'hɔː.'hæ.ləʊ.'ɛ
unvisited	ʌn.'vɪ.zɪ.tɪ
wildworth	'waɪl.dwəːθ
daredeaths	'dəː.dɛθ
unchrist	ʌn.'kɹaɪst
riving	'ɹaɪ.vɪŋ
starlight-wender	'stɑ.laɪ.'twɛn.dʌ
walsingham	'wɑl.sɪŋ.ʌ
savest	'seɪ.vʌst
doomfire	'dʉːm.faɪ.ʌ
candlemas	'kæn.dʌl.mʌ
opportunest	ɑ.pʌt.'jʉː.nʌst
star-eyed	'stɑ.'ɹaɪ
strawberry-breasted	'stɹɔː.bʌ.ɹi.'bɹɛ.stɪ
throstle	'θɹɑ.sʌ
sympathising	'sɪm.pʌ.`θaɪ.zɪŋ
drop-of-blood-and-foam-dapple	'dɹɑ.pɑv.'blʌ.dænd.'fəʊm.'dæ.pʌ
orchard-apple	'ɔː.tʃʌ.'dæ.pʌ
silver-surf-ed	'sɪl.vʌ.'səː.'fɛ
azuring-over	'æ.ʒʌ.ɹɪŋ.'əʊ.vʌ
greybell	'ɡɹeɪ.bɛ
cuckoocall	'kʌ.kʉː.`kɔː
exultation	ɛɡ.zʌl.'teɪ.ʃʌ
sandalled	'sæn.dʌl
wind-wandering	'wɪn.'dwɑn.dʌ.ɹɪŋ
weed-winding	'wi.'dwaɪn.dɪŋ
s-e	'ɛ.'si
after-comers	'ɑf.tʌ.'kʌ.mʌ
enselve	ɛn.'sɛl
branchy	'bɹɑn.tʃi
cuckoo-echoing	'kʊə.kʉː.'ɛ.kəʊ.ɪŋ
bell-swarm-ed	'bɛl.'swɔː.'mɛ
lark-charm-ed	'lɑk.'tʃɑ.'mɛ
river-rounded	'ɹɪ.vʌ.'ɹaʊn.dɪ
dapple-eared	'dæ.pʌ.'leɪ.ʌ.ʌ
pois-ed	'pwɑ.'ɹɛ
brickish	'bɹɪ.kɪʃ
neighbour-nature	'neɪ.bʌ.'neɪ.tʃʌ
rarest-vein-ed	'ɹəː.ɹʌst.'veɪ.'nɛ
unraveller	ʌn.'ɹæ.vʌ.lʌ
rivalled	'ɹaɪ.vʌl
arch-especial	'ɑ.tʃɪ.'spɛ.ʃʌ
nursle	'nəː.sʌ
forg-ed	'fɔː.'ɡɛ
moonmarks	'mʉːn.mɑk
stormfowl	'stɔːm.faʊ
thunder-purple	'θʌn.dʌ.'pəː.pʌ
plum-e	'plʌ.'mi
purple-of-thunder	'pəː.pʌ.lɑv.'θʌn.dʌ
palmy	'pɑ.mi
snow-pinions	'snəʊ.'pɪ.neɪ.ʌn
wooddove	'wʊə.dʌ
peac-e	'pi.'ki
reaving	'ɹi.vɪŋ
bugler's	'bjʉː.ɡlʌ.'bæk.slæ.'ʃɛ
bugler	'bjʉː.ɡlʌ
low-latched	'ləʊ.'lætʃt
leaf-light	'li.'flaɪt
sendings	'sɛn.dɪŋ
dauntless	'dɔːnt.lʌ
tauntless	'tɔːnt.lʌ
mansex	'mæn.sɛk
forefending	'fɔː.fʌn.dɪŋ
angel-warder	'eɪn.dʒʌl.'wɔː.dʌ
hell-rook	'hɛl.'ɹʊə
dexterous	'dɛk.stʌ.ɹʌ
d-ees	'di.'i
self-wise	'sɛlf.'waɪ
self-will	'sɛlf.'wɪ
d-eys	'di.'aɪ
efter	'ɛf.tʌ
soldiery	'səʊl.dɪ.ʌ.ɹi
bloomfall	'blʉːm.fɔː
sweet's	'swit.'bæk.slæ.'ʃɛ
th-ere	`ti.'eɪ.'tʃəː
r-eigns	'ɑ.'ɹeɪn
m-e	'ɛ.'mi
quickenings	'kwɪ.kʌ.nɪŋ
div-ene	'dɪ.'vi
ch-ennelled	`si.'eɪ.tʃɛ.'nɛl
backwheels	'bæ.kwil
adamantine	'æ.dæ.`mɑn.ti
forward-like	'fɔː.wʌd.'laɪ
favourable	'feɪ.vʌ.ɹʌ.bʌ
die-away	'daɪ.æ.'weɪ
wimpled	'wɪm.pʌl
gold-wisp	'ɡəʊl.'dwɪs
airy-grey	'əː.ɹi.'ɡɹeɪ
silk-ash	'sɪl.'kæʃ
ripest	'ɹaɪ.pʌst
injury's	'ɪn.dʒʌ.ɹi.'bæk.slæ.'ʃɛ
t-e	'ti.'i
pillowy	'pɪ.ləʊ.i
morselled	'mɔː.sʌl
gorgon's	'ɡɔː.ɡʌn.'bæk.slæ.'ʃɛ
barebill	'bəː.bɪ
thongs	'θɑŋ
yellowy	'jɛ.ləʊ.i
blear-all	'bleɪ.ʌ.ʌ.'ɹɔː
to-fro	tʌ.'fɹəʊ
trambeams	'tɹæm.bim
truckle	'tɹʌ.kʌ
a-wanting	'eɪ.'wɑn.tɪŋ
eagerer	'i.ɡʌ.ɹʌ
aggr-endise	'æ.ɡʌ.'ɹɛn.daɪ
beam-blind	'bim.'blaɪn
neighbour	'neɪ.bʌ
deft-handed	'dɛft.'hæn.dɪ
spendsavour	'spɛnd.seɪ.vʌ
self-instressed	'sɛl.fɪn.'stɹɛst
mannerly-hearted	'mæ.nʌ.li.'hɑ.tɪ
hallowing	'hæ.ləʊ.ɪŋ
lissome	'lɪz.sʌ
scions	sɪ.'ɑn
d-eep	'di.'i
d-eeper	'di.'i.pʌ
divined	dɪ.'vaɪn
d-eals	'di.'il
tr-eumph	`ti.'ɑ.'jʉːm
big-boned	'bɪɡ.'bəʊn
heavenlier	'hɛ.vʌn.li.ʌ
endears	ɛn.'deɪ.ʌ.ʌ
fettle	'fɛ.tʌ
drayhorse	'dɹeɪ.hɔː
l-eve-laced	'ɛ.'liv.'leɪst
shrovetide	'ʃɹəʊv.taɪ
j-ehn	'dʒeɪ.'eɪ
meanwhiles	'min.waɪl
byplay	'baɪ.pleɪ
imp's	'ɪmp.'bæk.slæ.'ʃɛ
br-ess-b-eld	`bi.'ɑ.'ɹɛs.'bi.'ɛl
h-e	'eɪ.'tʃi
roguish	'ɹɑ.ɡwɪʃ
heart-forsook	'hɑt.fɔː.'sʊə
r-eng	'ɑ.'ɹɛŋ
tear-tricked	'teɪ.ʌ.ʌ.'tɹɪkt
40	'fɔː.ti
th-en	`ti.'eɪ.'tʃɛ
de-erly	dʌ.'ɹəː.li
m-ergar-et	'ɛ.'mi.'ɑ.'ɡɑ.'ɹi.'ti
gr-eeving	`dʒi.'ɑ.'ɹi.vɪŋ
goldengrove	'ɡəʊl.dʌŋ.`ɡɹəʊ
unleaving	ʌn.'li.vɪŋ
le-eves	lʌ.'iv
wanwood	'wæn.wʊə
leafmeal	'lif.meɪ.ʌ
w-ell	'dʌ.bʌl.`jʉː.'ɛ
s-errow's	'ɛ.'sɛ.ɹəʊ.'bæk.slæ.'ʃɛ
spr-engs	`ɛ.`spi.'ɑ.'ɹɛŋ
earthless	'əːθ.lʌ
attuneable	æt.'jʉː.nʌ.bʌ
vaulty	'vɑl.ti
t-eme's	'ti.ɪ.'mɛ.'bæk.slæ.'ʃɛ
v-est	'vi.`i.`ɛ.'sti
womb-of-all	'wʉː.mɑ.'vɔː
home-of-all	'həʊ.mɑ.'vɔː
hearse-of-all	'həː.sɑ.'vɔː
hornlight	'hɔːn.laɪt
hoarlight	'hɔː.laɪt
earl-stars	'əːl.'stɑ
st-ers	sʌn.'təː
overbend	`əʊ.vʌ.'bɛn
f-ere-f-eaturing	'ɛ.'fəː.'ɹɛ.'fi.tʃʌ.ɹɪŋ
aswarm	æ.'swɔː
throughther	'θɹʉː.ðʌ
steep-ed	'sti.'pɛ
pashed	'pæʃt
q-eite	'kjʉː.'aɪt
disremembering	`dɪs.ɹɪ.'mɛm.bʌ.ɹɪŋ
d-esmembering	'di.ɛ.'smɛm.bʌ.ɹɪŋ
eur	'jʊə
wh-elms	`dʌ.bʌl.`jʉː.'eɪ.'tʃɛlm
beak-leaved	'bi.'kliv
dragonish	'dɹæ.ɡʌ.nɪʃ
tool-smooth	'tʉːl.'smʉːð
l-et	'ɛ.'lɛt
w-ened	'dʌ.bʌl.`jʉː.'ɛn
h-er	'eɪ.'tʃəː
sk-eined	`ɛ.'skeɪ.'aɪn
v-eined	'vi.'aɪn
var-eety	'vɑ.'ɹi.ti
tw-e	`ti.'dʌ.bʌl.`jʉː.'i
spools	'spʉːl
p-ert	'pi.'əːt
p-eck	'pi.'ɛ
th-ese	`ti.'eɪ.'tʃi
w-ere	'dʌ.bʌl.`jʉː.'əː
w-erld	'dʌ.bʌl.`jʉː.'əːl
b-et	'bi.'ɛt
selfwrung	'sɛl.fɹʌŋ
selfstrung	'sɛlf.stɹʌŋ
shelterless	'ʃɛl.tʌ.lʌ
th-eughts	`ti.'eɪtʃ.'jʉːt
aga-enst	'ɑ.ɡʌ.'ɹɛnst
gr-end	`dʒi.'ɑ.'ɹɛn
rollrock	'ɹəʊl.ɹɑ
highroad	'haɪ.ɹəʊ
windpuff-bonnet	'wɪnd.pʌf.'bɑ.nɪt
f-eawn-fr-eth	'ɛ.'fiw.`nɛ.'fɑ.'ɹɛθ
twindles	'twɪn.dʌl
pitchblack	'pɪtʃ.blæ
f-ell-fr-ewning	'ɛ.'fɛ.`lɛ.'fɑ.'jʉː.nɪŋ
degged	dɪ.'ɡɛ
braes	'bɹi
heathpacks	'hiθ.pæk
flitches	'flɪ.tʃɪ
beadbonny	'bid.bʌ.`ni
dragonflies	'dɹæ.ɡʌn.`flaɪ
dr-ew	'dɑk.tʌ.'jʉː
fl-eme	`ɛ.'fɛ.lɪ.'mɛ
m-ere	'ɛ.'məː
k-eeps	'keɪ.'ip
th-et	`ti.'eɪ.'tʃɛt
chr-est	`si.`eɪ.'tʃɑ.`ɹi.`ɛ.'sti
leav-es	'li.'vi
louch-ed	'laʊ.'tʃɛ
selfbent	'sɛlf.bʌnt
eny	ɛ.'naɪ
l-ece	'ɛ.'lɛ
rank-ed	'ɹæŋ.'kɛ
d-ewn	'di.'jʉː
singeing	'sɪn.dʒɪŋ
tingeing	'tɪn.dʒɪŋ
ene	'i
wimpled-water-dimpled	'wɪm.pʌl.'dwɔː.tʌ.'dɪm.pʌl
not-by-morning-match-ed	`nɑt.baɪ.'mɔː.nɪŋ.'mæ.'tʃɛ
tenderest	'tɛn.dʌ.ɹʌst
lastingness	'lɑ.stɪŋ.nʌ
gaiety	'ɡeɪ.ʌ.ti
lovelocks	'lʌv.lɑk
gaygear	'ɡeɪ.ɡeɪ.ʌ.ʌ
girlgrace	'ɡəːl.ɡɹeɪ
s-eghs	'ɛ.'sɛɡ
beauty-in-the-ghost	'bjʉː.ti.ɪn.ðʌ.'ɡəʊst
lighthanded	'laɪt.hæn.dɪ
heavyheaded	'hɛ.vi.`hɛ.dɪ
hundredfold	'hʌn.dɹɪd.`fəʊl
slumbered	'slʌm.bʌ
wh-e	`dʌ.bʌl.`jʉː.'eɪ.'tʃi
care-coiled	'kəː.'kɔɪl
care-killed	'kəː.'kɪl
fagged	'fæɡ
fashed	'fæʃt
cogged	'kɑɡ
cumbered	'kʌm.bʌ
f-erfeit	'ɛ.'fəː.fɪt
world-mothering	'wəːld.'mʌ.ðʌ.ɹɪŋ
girdles	'ɡəː.dʌl
fleeciest	'fli.sɪ.ʌst
frailest-flixed	'fɹeɪ.lʌst.'flɪkst
goddess's	'ɡɑ.dɛs.'bæk.slæ.'ʃɛ
deem-ed	'di.'mɛ
dream-ed	'dɹi.'mɛ
almoner	'ɑl.mʌ.nʌ
50	'fɪf.ti
deathdance	'dɛθ.dʌn
nazareths	'næ.zæ.ɹʌθ
60	'sɪk.sti
bethlems	'bɛθ.lʌm
bethlem	'bɛθ.lʌ
70	'sɛ.vʌn.`ti
azur-ed	'æ.zəː.'ɹɛ
skywards	'skaɪ.wʌd
fingergaps	'fɪŋ.ɡʌ.`ɡæp
sapphire-shot	'sæ.faɪ.ʌ.'ʃɑt
80	'eɪ.ti
glass-blue	'ɡlɑs.'blʉː
90	'naɪn.ti
100	'wɑn.'hʌn.dɹʌ
quartz-fret	'kwɔːts.'fɹɛt
vasty	'vɑ.sti
daystar	'deɪ.stɑ
110	'wɑn.'hʌn.dɹʌ.dʌn.'tɛ
scarless	'skɑ.lʌ
120	'wɑn.'hʌn.dɹʌ.dʌn.'twɛn.ti
isled	'ɪ.sʌl
danc	'dɑn
o-seal-that-so	'əʊ.'sil.ðæt.'səʊ
wet-fresh	'wɛt.'fɹɛʃ
glean-ed	'ɡli.'nɛ
tars	'tɑ
makesbelieve	'meɪks.bɪ.`li
feigns	'feɪn
dears	'deɪ.ʌ.ʌ
w-er	'dʌ.bʌl.`jʉː.'əː
bides	'baɪd
s-eeing	'ɛ.'si.ɪŋ
somewh-ere	'sʌm.'wəː
m-en	'ɛ.'mɛ
christ-done	'kɹaɪst.'dʌ
god-made-flesh	'ɡɑd.`meɪd.'flɛʃ
untwist	ʌn.'twɪst
wring-world	'ɹɪŋ.'wəːl
lionlimb	'laɪ.ʌn.lɪ
bruis-ed	'bɹʉː.i.'zɛ
ch-eer	`si.'eɪ.'tʃeɪ.ʌ.ʌ
heaven-handling	'hɛ.vʌn.'hænd.lɪŋ
f-eot	'ɛ.'fi.ɑt
tr-ed	`ti.'ɑ.'ɹɛ
forepangs	'fɔː.pæŋ
herds-long	'həːdz.'lɑŋ
world-sorrow	'wəːld.'sɑ.ɹəʊ
age-old	'eɪ.'dʒəʊl
ering	'əː.ɹɪŋ
no-man-fathomed	'nəʊ.'mæn.'fæ.ðʌm
durance	'djʊə.ɹʌn
garlanded	'ɡɑ.lʌn.dɪ
fallowbootfellow	'fæ.ləʊ.`bʉːt.fɪ.`ləʊ
rockfire	'ɹɑk.faɪ.ʌ
homeforth	'həʊm.fɔːθ
heart-at-ease	'hɑ.tæ.'ti
navvy	'næ.vi
lustily	'lʌ.stɪ.lɪ
seldomer	'sɛl.dʌ.mʌ
heartsore	'hɑt.sɔː
prickproof	'pɹɪk.pɹʉː
weal	'wi
lacklevel	'læ.klɛ.vʌ
lordly	'lɔːd.li
mother-ground	'mʌ.ðʌ.'ɡɹaʊn
mammocks	'mæ.mʌk
mainstrength	'meɪn.stɹɛŋθ
n-e	'ɛ.'ni
undenizened	`ʌn.'dɛ.nɪ.zʌn
hangdog	'hæŋ.dɑ
manwolf	'mæn.wʊəl
goldish	'ɡəʊl.dɪʃ
rope-over	'ɹəʊ.'pəʊ.vʌ
knee-nave	'ni.'neɪ
barrelled	'bæ.ɹʌl
limb's	'lɪm.'bæk.slæ.'ʃɛ
barrowy	'bæ.ɹəʊ.i
onewhere	'wɑn.wəː
curded	'kəː.dɪ
beechbole	'bitʃ.bəʊ
sinew-service	'sɪn.jʉː.'səː.vɪ
crimsons	'kɹɪm.sʌn
crossbridle	'kɹɑs.bɹaɪ.dʌ
windlaced	'wɪnd.leɪst
lilylocks	'lɪ.lɪ.`lɑk
churlsgrace	'tʃəːls.ɡɹeɪ
amansstrength	'æ.mæn.`stɹɛŋθ
cragiron	'kɹæ.dʒaɪ.ʌ
with-a-fountain's	wɪ.ðæ.'faʊn.tɪn.'bæk.slæ.'ʃɛ
shining-shot	'ʃaɪ.nɪŋ.'ʃɑt
strang-ers	'stɹæŋ.'əː
th-erd	`ti.'eɪ.'tʃəː
ho-ers	'həʊ.'əː
selfyeast	'sɛl.fɪ.`ist
distils	dɪ.'stɪl
thirst's	'θəːst.'bæk.slæ.'ʃɛ
all-in-all	'ɔː.lɪ.'nɔː
jackself	dʒæk.'sɛl
root-room	'ɹʉː.'tɹʉː
betweenpie	bɪ.'twin.paɪ
cloud-puffball	'klaʊd.'pʌf.bɔː
heaven-roysterers	'hɛ.vʌn.'ɹɔɪ.stʌ.ɹʌ
gay-gangs	'ɡeɪ.'ɡæŋ
roughcast	'ɹʌf.kɑst
shivelights	'ʃɪ.vɪ.`laɪt
shadowtackle	'ʃæ.dəʊ.`tæ.kʌ
yestertempest's	'jɛ.stʌ.`tɛm.pʌst.'bæk.slæ.'ʃɛ
parches	'pɑ.tʃɪ
stanches	'stɑn.tʃɪ
squadroned	'skwɑ.dɹʌn
manmarks	'mæn.mɑk
treadmire	'tɹɛd.maɪ.ʌ
footfretted	'fʊət.fɹɪ.tɪ
million-fuel-ed	'mɪ.leɪ.ʌn.'fjʉː.ʌ.'lɛ
bonniest	'bɑ.nɪ.ʌst
clearest-selv-ed	'kleɪ.ʌ.ʌ.ɹʌst.'sɛl.'vɛ
firedint	'faɪ.ʌ.dɪnt
indig	ɪn.'dɪ
manshape	'mæn.ʃeɪ
disseveral	dɪ.'sɛ.vʌ.ɹʌ
resur	ɹɪ.'səː
rection	'ɹɛk.ʃʌ
heart's-clarion	'hɑt.'bæk.slæ.'ʃɛ.'sklæ.ɹeɪ.ʌ
residuary	ɹɪ.'sɪd.jʉː.ʌ.`ɹi
potsherd	'pɑ.tʃəː
matchwood	'mætʃ.wʊə
galled	'ɡɔːl
outward-steeled	'aʊ.twʌd.'stil
majorca	mæ.'dʒɔː.kʌ
sots	'sɑt
thralls	'θɹɔːl
lac-ed	'læ.'kɛ
fretty	'fɹɛ.ti
chervil	'tʃəː.vʌ
eunuch	'jʉː.nʌtʃ
blowpipe	'bləʊ.paɪ
ascrib-ed	æ.'skɹɪ.'bɛ
rank-old	'ɹæŋ.'kəʊl
h-ere	'eɪ.'tʃəː
p-ersonal	'pi.'əː.sɑ.nʌ
heart-song	'hɑt.'sɑŋ
peals	'pil
bush-browed	'bʊəʃ.'bɹaʊ
beetle-br-ewed	'bi.tʌl.`bi.'ɑ.'jʉː
b-ellow	'bi.'ɛ.ləʊ
so-eth-w-esterly	`səʊ.'ɛθ.'dʌ.bʌl.`jʉː.'ɛ.stʌ.li
w-end	'dʌ.bʌl.`jʉː.'ɛn
bl-estering	`bi.'ɛ.'lɛ.stʌ.ɹɪŋ
fore-foundering	'fɔː.'faʊn.dʌ.ɹɪŋ
all-surfy	'ɔːl.'səː.fɪ
enderneath	'ɛn.dʌ.`niθ
jaunting	'dʒɔːn.tɪŋ
vaunting	'vɔːn.tɪŋ
tramplers	'tɹɑm.plʌ
bluebells	'blʉː.bɛl
veriest	'veɪ.ʌ.ɹɪ.ʌst
aftercast	'ɑf.tʌ.`kɑst
fleeted	'fli.tɪ
day-dissolv-ed	'deɪ.dɪ.'sɑl.'vɛ
ringlet-race	'ɹɪŋ.ɡlʌ.'tɹeɪ
favoured	'feɪ.vʌ
seamark	'si.mɑ
b-e	'bi.'i
wav-ed	'wæ.'vɛ
foredrawn	'fɔː.dɹɔː
havoc-pocked	'hæ.vʌk.'pɑkt
hung-heavenward	'hʌŋ.'hɛ.vʌn.wʌ
interposed	`ɪn.tʌ.'pəʊz
new-world	'njʉː.'wəːl
ashboughs	'æʃ.baʊ
clammyish	'klæ.mɪ.ɪʃ
lashtender	'læʃ.tɛn.dʌ
new-nestle	'njʉː.'nɛ.sʌ
tabour	'tæ.bʌ
welkin	'wɛl.kɪ
mells	'mɛl
snowwhite	'snəʊ.waɪt
darkles	'dɑ.kʌl
gainings	'ɡeɪ.nɪŋ
betweenwhiles	bɪ.'twin.waɪl
53	'fɪf.ti.'θɹi
winefred's	'waɪn.fɹʌd.'bæk.slæ.'ʃɛ
sc	`ɛs.'si
caerwys	kəː.'waɪ
beuno	'bjʉː.nəʊ
to-night	tʌ.'naɪt
panion	'pæ.neɪ.ʌ
dirvan	'dəː.væ
gwenvrewi	'ɡwɛnv.ɹʉː.`i
dearness	'deɪ.ʌ.ʌ.nʌ
teryth	'təː.ɹɪθ
caradoc's	'kæ.ɹæ.`dɑk.'bæk.slæ.'ʃɛ
wh-ereas	`dʌ.bʌl.`jʉː.'eɪ.tʃɪ.'ɹeɪ.ʌ
makebelieve	'meɪk.bɪ.`li
c-en	'si.'ɛ
foam-falling	'fəʊm.'fɔː.lɪŋ
vengeances	'vɛn.dʒʌn.sɪ
heaven-vault	'hɛ.vʌn.'vɑlt
purpling	'pəː.plɪŋ
lionlike	'laɪ.ʌn.laɪ
mantling	'mɑnt.lɪŋ
caradoc	'kæ.ɹæ.`dɑ
despatches	dɪ.'spæ.tʃɪ
c-emfort	'si.ɛm.'fɔːt
wh-ere	`dʌ.bʌl.`jʉː.'eɪ.'tʃəː
fleec-ed	'fli.'kɛ
passion-sake	'pæ.ʃʌn.'seɪ
y-et	'waɪ.'ɛt
selfdisposal	`sɛlf.dɪ.'spəʊ.zʌ
k-een	'keɪ.'i
self-feeling	'sɛlf.'fi.lɪŋ
n-ew	'ɛn.'jʉː
deed-bound	'did.'baʊn
lipmusic	lɪp.'mjʉː.zɪ
fallers	'fɔː.lʌ
frothpits	'fɹɑθ.pɪt
waterfearers	'wɔː.tʌ.`feɪ.ʌ.ʌ.ɹʌ
lean-over	'li.'nəʊ.vʌ
dene	'di
uproll	'ʌ.pɹəʊ
downcarol	'daʊn.kʌ.`ɹɑ
r-eck	'ɑ.'ɹɛ
wr-etten	`dʌ.bʌl.`jʉː.'ɑ.'ɹɛ.tʌ
elmy	'ɛl.mi
p-elgrims	'pi.'ɛl.ɡɹɪm
wretches	'ɹɛ.tʃɪ
roseleaves	'ɹəʊz.liv
c-eme	'si.ɪ.'mɛ
n-eme	'ɛ.nɪ.'mɛ
boons	'bʉːn
new-dapple	'njʉː.'dæ.pʌ
come-back-again	'kʌm.'bæ.kæ.'ɡɛ
th-engs	`ti.'eɪ.'tʃɛŋ
ch	`si.'eɪtʃ
fame's	'feɪm.'bæk.slæ.'ʃɛ
commonweal	'kɑ.mʌn.`weɪ.ʌ
m-egdalen	'ɛ.'mɛɡ.deɪ.lʌ
sweet-and-sour	'swi.tænd.'saʊ.ʌ
fineflower	'faɪn.flaʊ.ʌ
goldnails	'ɡəʊld.neɪl
gaylinks	'ɡeɪ.lɪŋk
p-ene	'pi.'i
three-heeled	'θɹi.'hil
timber'll	'tɪm.bʌ.'bæk.slæ.`ʃɛ.'lɛ
b-eld	'bi.'ɛl
bl-enking	`bi.'ɛ.'lɛŋ.kɪŋ
ell's	'ɛl.'bæk.slæ.'ʃɛ
d-ene	'di.'i
butt's	'bʌt.'bæk.slæ.'ʃɛ
fresh-leaved	'fɹɛʃ.'liv
dogrose	'dɑ.ɡɹəʊ
forth-and-flaunting	'fɔː.θænd.'flɔːn.tɪŋ
swarthed	'swɔːθ
lion-brown	'laɪ.ʌn.'bɹaʊ
ravel-rope's-end	'ɹæ.vʌl.'ɹəʊp.'bæk.slæ.'ʃɛ.'sɛn
foam-fallow	'fəʊm.'fæ.ləʊ
fall'n	'fɔːl.'bæk.slæ.'ʃɛ
sheaved	'ʃiv
wind-long	'wɪnd.'lɑŋ
turn-ed	'təː.'nɛ
rough-robin	'ɹʌ.'fɹɑ.bɪ
five-lipped	'faɪv.'lɪpt
beauty-bow	'bjʉː.ti.'bəʊ
sidled	'saɪ.dʌl
dewdrops	'djʉː.dɹɑp
plait	'pleɪt
s-eng-strain	'ɛ.'sɛŋ.'stɹeɪ
gr-een	`dʒi.'ɑ.'ɹi
s-enlight	'ɛ.sɛn.'laɪt
woodlark	'wʊəd.lɑ
all-a-leaf	'ɔː.læ.'li
tr-eetop	`ti.'ɑ.'ɹi.tɑ
v-ery	'vi.ʌ.ɹi
d-e	'di.'i
th-enk	`ti.'eɪ.'tʃɛŋ
wheat-acre	'wi.'teɪ.kʌ
crush-silk	'kɹʌʃ.'sɪl
aflash	æ.'flæʃ
blood-gush	'blʌd.'ɡʌʃ
blade-gash	'bleɪd.'ɡæʃ
flame-rash	'fleɪm.'ɹæʃ
rudred	'ɹʌ.dɹʌ
broad-shed	'bɹɔːd.'ʃɛ
tatter-tassel-tangled	'tæ.tʌ.'tæ.sʌl.'tæŋ.ɡʌl
dingle-a-dangled	'dɪŋ.ɡʌ.læ.'dæŋ.ɡʌl
dandy-hung	'dæn.di.'hʌŋ
sunspurge	'sʌn.spəːdʒ
oxeye	'ɑk.saɪ
laced-leaved	'leɪst.'liv
foam-tuft	'fəʊm.'tʌft
fumitory	'fjʉː.mɪ.tʌ.`ɹi
v-winged	'vi.'wɪŋ
nest's	'nɛst.'bæk.slæ.'ʃɛ
finger-nail	'fɪŋ.ɡʌ.'neɪ
paradisa-ecal	'pæ.ɹʌ.`dɪ.sʌ.'ɹɛ.kʌ
lustreless	'lʌ.stʌ.lʌ
maenefa	'mi.nɛ.fʌ
fanged	'fæŋ
unsought	ʌn.'sɔːt
sented	'sɛn.tɪ
heart-springs	'hɑt.'spɹɪŋ
transcriber's	tɹæn.'skɹaɪ.bʌ.'bæk.slæ.'ʃɛ
majestical	mæ.'dʒɛ.stɪ.kʌ
groundlong	'ɡɹaʊnd.lɑŋ
viol	'vaɪ.ʌ
blazoned	'bleɪ.zɑn
masque	'mæs
rock-a-heart	'ɹɑ.kæ.'hɑt
comfort's	'kʌm.fʌt.'bæk.slæ.'ʃɛ
woe's	'wəʊ.'bæk.slæ.'ʃɛ
field-flown	'fild.'fləʊ
cheerless	'tʃeɪ.ʌ.ʌ.lʌ
heltering	'hɛl.tʌ.ɹɪŋ
wisp-ed	'wɪ.'spɛ
leafwhelmed	'lif.wɛlm
bushybowered	'bʊə.ʃɪ.`baʊ.ʌ
loins	'lɔɪn
candycoloured	'kæn.dɪ.`kʌ.lʌ
gluegold-brown	'ɡlʉː.ɡəʊld.'bɹaʊ
boisterously	'bɔɪ.stʌ.ɹʌ.sli
blowballs	'bləʊ.bɔːl
honeysuck	'hʌ.nɪ.`sʌ
dogeared	'dəʊ.dʒəː
hazels	'heɪ.zʌl
downdolphinry	'daʊn.dʌl.`fɪn.ɹi
bellbright	'bɛl.bɹaɪt
dling	'di.'lɪŋ
earthworld	'əː.θwəːl
airworld	'əː.wəːl
gambols	'ɡæm.bɑl
shadowiest	'ʃæ.dəʊ.ɪ.ʌst
silk-beech	'sɪlk.'bitʃ
scrolled	'skɹəʊl
wychelm	'wɪ.tʃɛl
hornbeam	'hɔːn.bi
overstood	`əʊ.vʌ.'stʊə
flake-leaves	'fleɪ.'kliv
hawkmoth	'hɔːk.mɑθ
bleach-ed	'bli.'tʃɛ
woolwoven	'wʊəl.wəʊ.vʌ
tumbled-to	'tʌm.bʌld.tʉː
loop-locks	'lʉː.'plɑk
finger-teasing	'fɪŋ.ɡʌ.'ti.zɪŋ
twiny	'twaɪ.ni
offwrings	'ɑ.fʊə.ɹɪŋ
chancequarri-ed	'tʃɑn.sɪ.`kwɑ.ɹi.'ɛ
selfquain-ed	'sɛlf.kweɪ.'nɛ
warbles	'wɔː.bʌl
quicksilvery	'kwɪk.sɪl.vʌ.ɹi
shiv-es	'ʃɪ.'vi
heavenfallen	'hɛ.vʌn.`fɔː.lʌ
brims	'bɹɪm
kindcold	'kaɪnd.kəʊl
froliclavish	'fɹɑ.lɪ.`klæ.vɪʃ
wronging	'ɹɑŋ.ɪŋ
gambolling	'ɡæm.bɑ.lɪŋ
echoing-of-earth	'ɛ.kəʊ.ɪŋ.ɑ.'vəːθ
thirty-seven	'θəː.ti.'sɛ.vʌ
love-root	'lʌv.'ɹʉːt
silk-thread	'sɪlk.'θɹɛ
dark-color'd	'dɑk.'kʌ.lʌ.'bæk.slæʃ.'di
sea-rocks	'si.'ɹɑk
hill-sides	'hɪl.'saɪd
full-noon	'fʊəl.'nʉː
practis'd	'pɹæk.tiz.'bæk.slæʃ.'di
spectres	'spɛk.tʌ
be-mockers	bi.'mɑ.kʌ
nowise	'nəʊ.aɪ
sooth	'sʉːð
star-bane	'stɑ.'beɪ
cloven	'kləʊ.vʌ
echo-harbouring	'ɛ.kəʊ.'hɑ.bəː.ɹɪŋ
rewording	ɹɪ.'wəː.dɪŋ
faun	'fɔː
water-rats	'wɔː.tʌ.'ɹæt
i{come	'aɪ.'kʌ
rosses	'ɹɑ.sɪ
glen-car	'ɡlɛn.'kɑ
unquiet	ʌn.'kwaɪ.ʌt
solemn-eyed	'sɑ.lʌ.'maɪ
oatmeal-chest	'əʊt.meɪ.ʌl.'tʃɛst
i{for	'aɪ.fɔː
blotted	'blɑ.tɪ
dromahair	'dɹɑ.mæ.`həː
silken	'sɪl.kʌ
world-forgotten	'wəːld.fʌ.'ɡɑ.tʌ
ravelled	'ɹæ.vʌl
lissadell	'lɪ.seɪ.dʌ
plashy	'plæ.ʃi
lug-worm	'lʌ.'ɡwəː
scanavin	'skæ.næ.`vɪ
knot-grass	'nɑt.'ɡɹɑ
lugnagall	'lʌɡ.neɪ.`ɡɔː
unhaunted	ʌn.'hɔːn.tɪ
vapour-turbaned	'veɪ.pʌ.'təː.beɪn
spired	'spaɪ.ʌ
dreamless	'dɹim.lʌ
love-tales	'lʌv.'teɪl
dew-cold	'djʉː.'kəʊl
dream-heavy	'dɹim.'hɛ.vi
dream-awakened	'dɹi.mæ.'weɪ.kʌn
perishing	'pɛ.ɹɪ.ʃɪŋ
cromlech	'kɹɑm.lɛtʃ
cairn	'kəː
dooney	'dʉː.nɪ
kilvarnet	kɪl.'vɑ.nɪt
mocharabuiee	'məʊ.kʌ.`ɹæ.bjʉː.`ɪ
sligo	'sli.ɡəʊ
lime-tree	'laɪm.'tɹi
commonness	'kɑ.mʌn.nʌ
pairc-na-lee	'pəːk.'nɑ.'li
butt-end	'bʌ.'tɛn
steering-oar	'steɪ.ʌ.ʌ.ɹɪŋ.'ɔː
miau-d	'maɪ.ʌ.`ɹʉː.'di
brayed	'bɹeɪ
thereon	ðəː.'ɹɑ
cockerel	'kɑ.kʌ.ɹʌ
brigand	'bɹɪ.ɡæn
spider's	'spaɪ.dʌ.'bæk.slæ.'ʃɛ
passion's	'pæ.ʃʌn.'bæk.slæ.'ʃɛ
murder's	'məː.dʌ.'bæk.slæ.'ʃɛ
bride-bed	'bɹaɪd.'bɛ
saturnine	'sæ.tʌ.`naɪ
pollexfen	'pɑ.lɛk.sfʌ
red-haired	'ɹɛd.'həː
eighteenth-century	'eɪ.tinθ.'sɛn.tʃʌ.ɹi
good-will	'ɡʊə.'dwɪ
harriers	'hæ.ɹeɪ.ʌ.ʌ
vainglorious	veɪŋ.'ɡlɔː.ɹɪ.ʌ
horse-hoof	'hɔːs.'hʉː
plashes	'plæ.ʃɪ
long-legged	'lɑŋ.'lɛ.ɡɪ
moor-hens	'mʊə.'hɛn
moor-cocks	'mʊə.'kɑk
macdonagh	'mæk.'dəʊ.nɑ
salmon-falls	'sæ.mʌn.'fɔːl
mackerel-crowded	'mæ.kʌ.ɹʌl.'kɹaʊ.dɪ
unageing	ʌ.'neɪ.dʒɪŋ
perne	'pəː
singing-masters	'sɪŋ.ɪŋ.'mɑ.stʌ
goldsmiths	'ɡəʊld.smɪθ
enamelling	ɪ.'næ.mʌ.lɪŋ
rhymer's	'ɹaɪ.mʌ.'bæk.slæ.'ʃɛ
skeleton-gaunt	'skɛ.lɪ.tʌn.'ɡɔːnt
gazebo	ɡæ.'zi.bəʊ
child-bearing	'tʃaɪld.'bəː.ɹɪŋ
moon-struck	'mʉːn.'stɹʌ
fly-catchers	'flaɪ.'kæ.tʃʌ
blenched	'blɛntʃt
cretan	'kɹɛ.tʌ
i{hysterica	'aɪ.'hɪ.stʌ.`ɹɪ.kʌ
passio	'pɑ.sɪ.`əʊ
unsay	ʌn.'seɪ
parnell's	pɑ.'nɛl.'bæk.slæ.'ʃɛ
loose-lipped	'lʉː.'slɪpt
rancour	'ɹɑn.kʌ
cosgrave	'kɑs.ɡɹeɪ
o'higgins	'əʊ.'bæk.slæʃ.'hɪ.ɡɪn
o'duffy	'əʊ.'bæk.slæʃ.'dʌ.fɪ
gyres	'dʒaɪ.ʌ
lineaments	'lɪ.neɪ.ʌ.mʌnt
empedocles	ɛm.'pɛ.dɑ.kʌl
a-greater	'eɪ.'ɡɹeɪ.tʌ
make-up	`meɪ.'kʌ
sepulchre	'sɛ.pʌl.kʌ
disinter	`dɪ.sɪn.'təː
fiddle-bow	'fɪ.dʌl.'bəʊ
aeroplane	'əː.ɹʌ.`pleɪ
bomb-balls	'bɑm.'bɔːl
cordelia	kɔː.'di.leɪ.ʌ
transfiguring	tɹæn.'sfɪ.ɡʌ.ɹɪŋ
rambles	'ɹæm.bʌl
drop-scenes	'dɹɑp.'sin
camel-back	'kæ.mʌl.'bæ
horse-back	'hɔːs.'bæ
ass-back	'æs.'bæ
mule-back	'mjʉːl.'bæ
civilisations	`sɪ.vɪ.laɪ.'zeɪ.ʃʌn
callimachus	'kæ.lɪ.`mæ.tʃʌ
sea-wind	'si.'wɪn
lamp-chimney	'læmp.'tʃɪm.nɪ
chinamen	'tʃaɪ.neɪ.`mɛ
lapis	'læ.pi
serving-man	'səː.vɪŋ.'mæ
water-course	'wɔː.tʌ.'kɔː
cherry-branch	'tʃɛ.ɹi.'bɹɑntʃ
half-way	'hɑf.'weɪ
ever-fixèd	'ɛ.vʌ.'fɪkst
wand'ring	'wɑnd.'bæk.slæ.'ʃɹɪŋ
topmost	'tɑp.`məʊst
attis	'ʌ.tɪz
humanity's	'hjʉːmænɪtɪbækslæʃɛs
unacquainted	'ʌnʌkweɪntɪd
tameness	'teɪmnʌs
riband	'ɹɪbænd
inspirit	`'ɪnspɪɹɪt
quiescence	'kwɪɛsʌns
untrod	'ʌntɹɑd
gallantly	'ɡælʌntlɪ
hemlocks	'hɛmlɑks
eld	'ɛld
humanity's	'hjʉːmænɪtɪbækslæʃɛs
acadian	'ʌkeɪdeɪʌn
pré	'pɹeɪ
humanity's	'hjʉːmænɪtɪbækslæʃɛs
acadie	'ʌkeɪdɪ
blomidon	'blɑmɪdʌn
fogs	'fɑɡz
reposed	'ɹɪpəʊzd
henries	'hɛnɹɪz
kirtles	'kəːtʌlz
distaffs	'dɪstæfs
whir	'wəː
angelus	'ændʒɛlʌs
bellefontaine	`'bɛlɪfɑnteɪn
stalworth	'stɔːlwəːθ
kine	'kaɪn
reapers	'ɹipʌz
flagons	'flæɡɑnz
scatters	'skætʌz
chaplet	'tʃæplʌt
woodbine	'wʊədbaɪn
wreathing	'ɹiðɪŋ
overhung	`'əʊvʌhʌŋ
wains	'weɪnz
harrows	'hæɹəʊz
seraglio	`'sʌɹæɡlɪəʊ
strutted	'stɹʌtɪd
sabring	'sæbɹɪŋ
linnet's	'lɪnɪtbækslæʃɛs
silverly	'sɪlvʌlɪ
titmouse	'tɪtmaʊs
perfecter	'pʌfɛktʌ
whithersoever	`'wɪðʌsəʊɛvʌ
falser	'fɑlsʌ
eustatio	`'jʉːsteɪʃɪəʊ
lateran	'lætʌɹʌn
rubbishy	'ɹʌbɪʃɪ
destructions	'dɪstɹʌkʃʌnz
goths	'ɡɑθs
assujettissement	`'ʌsʉːdʒɪtɪsmʌnt
trevellyn	'tɹɪvɛlɪn
superincumbent	`'sʉːpʌɹɪnkʌmbʌnt
brickwork	'bɹɪkwəːk
testaceo	`'tɛsteɪsɪəʊ
bernini	'bəːninɪ
cavil	'kævʌl
mustachios	`'mʌstæʃɪəʊz
exaltations	'ɛɡzʌlteɪʃʌnz
diviner	'dɪvɪnʌ
abasements	'ʌbeɪsmʌnts
freiburg	'fɹeɪbəːɡ
rheims	'ɹaɪmz
recenter	'ɹisɛntʌ
gauds	'ɡɔːdz
gewgaws	'dʒjʉːɡɔːz
maturer	'mʌtʃʊəɹʌ
livelong	'laɪvlɑŋ
tranquilly	`'tɹænkwɪlɪ
dalmatic	'dælmætɪk
slenderly	'slɛndʌlɪ
cerements	'seɪʌmʌnts
scornfully	'skɔːnfʌlɪ
mournfully	'mɔːnfʌlɪ
womanly	'wʊəmʌnlɪ
undutiful	'ʌndjʉːtɪfʌl
dishonour	'dɪsɑnʌ
clammily	'klæmɪlɪ
casement	'keɪsmʌnt
dissolute	`'dɪsʌlʉːt
frigidly	'fɹɪdʒɪdlɪ
smoothe	'smʉːð
futurity	'fjʉːtʃʌɹɪtɪ
contumely	'kʌntjʉːmlɪ
twittering	'twɪtʌɹɪŋ
listlessness	'lɪstlʌsnʌs
wistlessness	'wɪstlʌsnʌs
prithee	'pɹɪθi
prevaile	'pɹɪveɪl
doo't	'dʉːbækslæʃti
selfe	'sɛlf
shee	'ʃi
devill	'dʌvɪl
sieze	'siz
pourest	'pɔːɹʌst
unpremeditated	`'ʌnpɹɪmɛdɪteɪtɪd
springest	'spɹɪŋɡʌst
wingest	'wɪŋɡʌst
singest	'sɪŋɡʌst
unbodied	'ʌnbɑdɪd
unbidden	'ʌnbɪdʌn
unbeholden	'ʌnbɪhəʊldʌn
embower'd	'ɛmbaʊʌbækslæʃdi
deflower'd	'dɪflaʊʌbækslæʃdi
hymeneal	`'haɪmʌneɪʌl
chaunt	'tʃɔːnt
joyance	'dʒɔɪʌns
satiety	'sætaɪʌtɪ
sincerest	'sɪnseɪʌɹʌst
scorner	'skɔːnʌ
visiter	'vɪzɪtʌ
surcease	'səːsis
entreating	'ɛntɹitɪŋ
thereat	'ðəːɹæt
obeisance	'əʊbɪsʌns
quoth	'kwɑθ
marvelled	'mɑvʌld
unmerciful	'ʌnməːsɪfʌl
dirges	'dəːdʒɪz
betook	'bɪtʊək
lamplight	'læmplaɪt
methought	'mɛθɔːt
nepenthe	'nɪpɛnθɪ
quaff	'kwɑf
tempter	'tɛmptʌ
aidenn	'eɪdʌn
upstarting	'ʌpstɑtɪŋ
wigwams	'wɪɡwæmz
ojibways	`'ɑdʒɪbweɪz
dacotahs	'dækɑtʌz
shuh	'ʃʌ
gah	'ɡɑ
nawadaha	`'næwʌdɑhʌ
eyry	'aɪɹɪ
chetowaik	`'tʃɛtəʊeɪk
plover	'plʌvʌ
mahng	'mɑŋ
wawa	'wɑwʌ
mushkodasa	`'mʌʃkəʊdɑsʌ
tawasentha	'tæweɪsʌnθʌ
alders	'ɔːldʌz
eyries	'aɪɹɪz
fount	'faʊnt
watersprings	'wɔːtʌspɹɪŋz
paian	'peɪʌn
pæans	'pɑnz
galileans	`'ɡælɪleɪʌnz
wast	'wɑst
downsetting	'daʊnsɪtɪŋ
godheads	'ɡɑdhɛdz
discrowned	'dɪskɹaʊnd
disanointed	`'dɪsʌnɔɪntɪd
songless	'sɑŋlʌs
coursers	'kɔːsʌz
prancer	'pɹænsʌ
donder	'dɑndʌ
blitzen	'blɪtsʌn
pedlar	'pɛdlʌ
twinkled	'twɪŋkʌld
dimples	'dɪmpʌlz
bowlfull	'bəʊlfʊəl
strown	'stɹəʊn
lances	'lænsɪz
unlifted	'ʌnlɪftɪd
unblown	'ʌnbləʊn
baal	'bɑl
unsmote	'ʌnsməʊt
snark	'snɑk
bonnets	'bɑnɪts
hyænas	'haɪɑnʌz
impudent	'ɪmpjʉːdʌnt
mercator's	'məːkeɪtʌbækslæʃɛs
equators	'ɪkweɪtʌz
joris	'dʒɔːɹɪs
dirck	'dəːk
undrew	'ʌndɹʉː
postern	'pəʊstʌn
girths	'ɡəːθs
rebuckled	'ɹɪbʌkʌld
moonset	'mʉːnsɛt
lokeren	'ləʊkɹʌn
düffeld	'dʉːfɛld
mecheln	'mɛtʃɛləːn
aershot	'əːʃɑt
galloper	'ɡæləʊpʌ
headland	'hɛdlʌnd
spume	'spjʉːm
hasselt	'hæsɛlt
aix	'eɪks
haunches	'hɔːntʃɪz
looz	'lʉːz
tongres	'tɑŋɡʌz
dalhem	'dælhʌm
they'll	`'ðeɪbækslæʃɛlɛl
buffcoat	'bʌfkəʊt
burgesses	'bəːdʒɛsɪz
sombre	'sɑmbʌ
midnights	'mɪdnaɪts
famishing	'fæmɪʃɪŋ
morrows	'mɑɹəʊz
unquenchable	'ʌnkwɛntʃʌbʌl
smite	'smaɪt
despisest	'dɪspaɪsʌst
bedrape	'bɪdɹeɪp
libitina	`'lɪbɪtinʌ
priapus	'pɹaɪʌpʌs
languors	'læŋɡjʉːʌz
undreamt	'ʌndɹɛmpt
ached	'eɪkt
satiate	`'seɪʃɪeɪt
murm'ring	'məːmbækslæʃɹɪŋ
sol's	'sɑlbækslæʃɛs
furze	'fəːz
rustic's	'ɹʌstɪkbækslæʃɛs
labourer	'leɪbəːɹʌ
thrashers	'θɹæʃʌz
rhime	'ɹaɪm
civiller	'sɪvɪlʌ
o'th	`'əʊbækslæʃtieɪtʃ
publick	'pʌblɪk
misconstrues	'mɪskʌnstɹʉːz
politick	`'pɑlɪtɪk
stroker	'stɹəʊkʌ
backbiter	'bækbɪtʌ
scribler	'skɹɪblʌ
scurvy	'skəːvɪ
dy	'daɪ
satyrical	'sætɪɹɪkʌl
wreathe	'ɹið
tendrils	'tɛndɹʌlz
enlivens	'ɛnlaɪvʌnz
fay's	'feɪbækslæʃɛs
melodie	'mɛləʊdɪ
controul	'kɑntɹaʊl
visioned	'vɪʒʌnd
rest'st	'ɹɛstbækslæʃsʌnt
devotion's	'dɪvəʊʃʌnbækslæʃɛs
fervours	'fəːvʌz
unconcern'dly	`'ʌnkʌnsəːnbækslæʃdiɛlwaɪ
mixt	'mɪkst
unlamented	'ʌnlʌmɛntɪd
philosophique	'fɪlɑsʌfik
debonnair	`'dɛbʌnəː
apparell'd	'æpʌɹʌlbækslæʃdi
exactest	'ɛɡzæktʌst
utensil	'jʉːtɛnsʌl
housewifely	'haʊswaɪflɪ
chambermaid	`'tʃeɪmbʌmeɪd
malignity	'mʌlɪɡnɪtɪ
impell'd	'ɪmpɛlbækslæʃdi
tardily	'tɑdɪlɪ
incurr'd	'ɪnkəːbækslæʃdi
maidenheads	`'meɪdʌnhɛdz
shan't	'ʃænbækslæʃti
unbelief	'ʌnbɪlif
breeches	'bɹitʃɪz
sattin	'sætɪn
upborne	'ʌpbɔːn
massy	'mæsɪ
vermicular	'vəːmɪkjʊəlʌ
wadding	'wɑdɪŋ
piony	'pɪɑnɪ
lambkin	'læmbkɪn
obdurate	'ɑbdjʊəɹʌt
fixt	'fɪkst
albion's	'ælbɪʌnbækslæʃɛs
cripplegate	`'kɹɪpʌlɡeɪt
incommodiously	'ɪnkʌməʊdɪʌslɪ
settee	'sɛti
brentford	'bɹɛntfʌd
recumbency	'ɹɪkʌmbʌnsɪ
drawling	'dɹɔːlɪŋ
snores	'snɔːz
trunkless	'tɹʌŋklʌs
ozymandias	`'ɑzɪmændeɪʌz
